DIGAMBAR,RAJENDRA,SONAWANE,19-10-1994,121080000,SC,Computers,digambar.sonawane30@gmail.com,2012 - 13,9057709006,42789,Gokul Garden,Tilaknagar,Akola,,c4ca4238a0b923820dcc509a6f75849b
AJINKYA,VASANTRAO,PATIL,27-03-1994,121080001,OBC,Civil,ajinkya.patil58@gmail.com,2012 - 13,9060665396,54873,Gurukul Heights,SV Nagar,Nashik,,c4ca4238a0b923820dcc509a6f75849b
ROHIT,BHASKAR,MUNDE,15-09-1994,121080002,ST,Civil,rohit.munde80@gmail.com,2012 - 13,9632637264,39928,Krishnavan,Tilaknagar,Latur,,c4ca4238a0b923820dcc509a6f75849b
SACHIN,DASHRATHRAO,AITALWAD,18-02-1994,121080003,OPEN,Civil,sachin.aitalwad36@gmail.com,2012 - 13,9544202251,59834,Riddhi Siddhi,GV Road,Nagpur,,c4ca4238a0b923820dcc509a6f75849b
UMESH,DNYANOBARAO,PAWAR,04-07-1994,121080004,OPEN,Computers,umesh.pawar16@gmail.com,2012 - 13,9658638438,59834,Gokul Garden,SV Nagar,Nashik,,c4ca4238a0b923820dcc509a6f75849b
MAHESH,PANDURANG,CHAVAN,21-09-1994,121080005,OPEN,Computers,mahesh.chavan52@gmail.com,2012 - 13,9771107717,59834,Gokul Garden,Gandhidham,Nashik,,c4ca4238a0b923820dcc509a6f75849b
RAHUL,BHAGWAN,PATIL,07-06-1994,121080006,ST,Civil,rahul.patil91@gmail.com,2012 - 13,9747231999,39928,Krishnavan,Tilaknagar,Kolhapur,,c4ca4238a0b923820dcc509a6f75849b
SAIPRASAD,VENKATESH,GORE,05-12-1994,121080007,SC,Civil,saiprasad.gore69@gmail.com,2012 - 13,9079283510,42789,Gurukul Heights,Kriti Complex,Nagpur,,c4ca4238a0b923820dcc509a6f75849b
SUMIT,SAKHARAM,RAUT,09-03-1994,121080008,ST,Civil,sumit.raut29@gmail.com,2012 - 13,9823382388,39928,Gokul Garden,Kriti Complex,Latur,,c4ca4238a0b923820dcc509a6f75849b
SANDEEPKUMAR,GOVINDRAO,PATIL,27-06-1994,121080009,OBC,Production,sandeepkumar.patil46@gmail.com,2012 - 13,9996883477,54873,Sanskruti,Tilaknagar,Nashik,,c4ca4238a0b923820dcc509a6f75849b
NITIN,TIKARAM,RANE,11-08-1994,121080010,SC,Production,nitin.rane90@gmail.com,2012 - 13,9781883779,42789,Gurukul Heights,Gandhidham,Kolhapur,,c4ca4238a0b923820dcc509a6f75849b
NITIN,VIJAYKUMAR,BIDKAR,21-03-1994,121080011,VJ,Information Technology,nitin.bidkar27@gmail.com,2012 - 13,9458416554,45545,Riddhi Siddhi,Tilaknagar,Akola,,c4ca4238a0b923820dcc509a6f75849b
YOGANAND,LAXMIKANT,PATHRIKAR,16-06-1994,121080012,ST,Mechanical,yoganand.pathrikar21@gmail.com,2012 - 13,8917071444,39928,Riddhi Siddhi,Gandhidham,Nagpur,,c4ca4238a0b923820dcc509a6f75849b
SHAILESH,RAMRAO,BANGAR,11-08-1994,121080013,VJ,Civil,shailesh.bangar74@gmail.com,2012 - 13,9759538651,45545,Krishnavan,Kriti Complex,Kolhapur,,c4ca4238a0b923820dcc509a6f75849b
AKSHAY,SHAM,KAMBLE,11-12-1994,121080014,OPEN,Mechanical,akshay.kamble73@gmail.com,2012 - 13,9155882863,59834,Gokul Garden,SV Nagar,Nagpur,,c4ca4238a0b923820dcc509a6f75849b
ASHISH,GOPAL,KHANDELWAL,24-10-1994,121080015,NT,Computers,ashish.khandelwal77@gmail.com,2012 - 13,9643090945,50282,Riddhi Siddhi,SV Nagar,Nagpur,,c4ca4238a0b923820dcc509a6f75849b
MAHESH,SHRIDHARRAO,CHAVAN,08-04-1994,121080016,OPEN,Civil,mahesh.chavan30@gmail.com,2012 - 13,9789312139,59834,Krishnavan,GV Road,Nagpur,,c4ca4238a0b923820dcc509a6f75849b
OMKAR,PADMAKAR,JOSHI,12-01-1994,121080017,NT,Electronics and Telecommunications,omkar.joshi78@gmail.com,2012 - 13,9947245090,50282,Gurukul Heights,Gandhidham,Nagpur,,c4ca4238a0b923820dcc509a6f75849b
HARSHAL,SUNIL,KULKARNI,08-08-1994,121080018,OPEN,Textile,harshal.kulkarni22@gmail.com,2012 - 13,9685731640,59834,Sanskruti,SV Nagar,Nashik,,c4ca4238a0b923820dcc509a6f75849b
SANDEEPKUMAR,MOHANLAL,SHAHU,06-04-1994,121080019,ST,Electrical,sandeepkumar.shahu55@gmail.com,2012 - 13,9848061849,39928,Sanskruti,Kriti Complex,Nagpur,,c4ca4238a0b923820dcc509a6f75849b
YOGESH,SADASHIVRAO,MARAWAR,06-10-1994,121080020,OPEN,Production,yogesh.marawar33@gmail.com,2012 - 13,9699309930,59834,Riddhi Siddhi,Tilaknagar,Latur,,c4ca4238a0b923820dcc509a6f75849b
SOMNATH,NANDU,MALI,19-01-1994,121080021,VJ,Mechanical,somnath.mali78@gmail.com,2012 - 13,9964969266,45545,Gokul Garden,Gandhidham,Latur,,c4ca4238a0b923820dcc509a6f75849b
PRAVIN,NANA,THITE,11-01-1994,121080022,OPEN,Mechanical,pravin.thite67@gmail.com,2012 - 13,9489233774,59834,Gurukul Heights,Kriti Complex,Latur,,c4ca4238a0b923820dcc509a6f75849b
SWAPNIL,ARUN,BORSE,05-03-1994,121080023,NT,Computers,swapnil.borse26@gmail.com,2012 - 13,8977244460,50282,Krishnavan,Kriti Complex,Nashik,,c4ca4238a0b923820dcc509a6f75849b
YASH,RADHESHYAM,SHARMA,12-01-1994,121080024,OPEN,Information Technology,yash.sharma17@gmail.com,2012 - 13,9927805437,59834,Gokul Garden,Gandhidham,Kolhapur,,c4ca4238a0b923820dcc509a6f75849b
ADITYA,HEMANT,KADAM,01-06-1994,121080025,SC,Production,aditya.kadam19@gmail.com,2012 - 13,9760754731,42789,Sanskruti,Gandhidham,Kolhapur,,c4ca4238a0b923820dcc509a6f75849b
ANIMESH,JAYANT,CHANDSARKAR,07-02-1994,121080026,OBC,Civil,animesh.chandsarkar95@gmail.com,2012 - 13,9713860687,54873,Sanskruti,Kriti Complex,Nagpur,,c4ca4238a0b923820dcc509a6f75849b
ROHAN,ANILKUMAR,JANYARAM,19-05-1994,121080027,NT,Electronics,rohan.janyaram63@gmail.com,2012 - 13,8899678879,50282,Sanskruti,Kriti Complex,Nagpur,,c4ca4238a0b923820dcc509a6f75849b
SHUBHAM,KAILAS,GADE,11-05-1994,121080028,OBC,Mechanical,shubham.gade49@gmail.com,2012 - 13,9773217085,54873,Gokul Garden,GV Road,Latur,,c4ca4238a0b923820dcc509a6f75849b
ROHIT,DASHARATH,BIRHADE,14-04-1994,121080029,ST,Mechanical,rohit.birhade86@gmail.com,2012 - 13,9784866377,39928,Sanskruti,Gandhidham,Latur,,c4ca4238a0b923820dcc509a6f75849b
PARAG,SATISH,NARKHEDE,25-01-1994,121080030,OBC,Mechanical,parag.narkhede81@gmail.com,2012 - 13,9144029101,54873,Krishnavan,Kriti Complex,Latur,,c4ca4238a0b923820dcc509a6f75849b
NITIN,NAMDEV,CHAVAN,11-03-1994,121080031,OPEN,Mechanical,nitin.chavan37@gmail.com,2012 - 13,9845401065,59834,Krishnavan,Kriti Complex,Nashik,,c4ca4238a0b923820dcc509a6f75849b
SANKET,MOHAN,BODH,24-03-1994,121080032,OBC,Mechanical,sanket.bodh24@gmail.com,2012 - 13,8819423880,54873,Riddhi Siddhi,GV Road,Kolhapur,,c4ca4238a0b923820dcc509a6f75849b
KAPIL,SURESH,DALVI,23-02-1994,121080033,VJ,Mechanical,kapil.dalvi79@gmail.com,2012 - 13,9413951305,45545,Gokul Garden,SV Nagar,Latur,,c4ca4238a0b923820dcc509a6f75849b
GAURAV,KISHORKUMAR,VAID,25-02-1994,121080034,SC,Mechanical,gaurav.vaid72@gmail.com,2012 - 13,8970462284,42789,Krishnavan,Tilaknagar,Kolhapur,,c4ca4238a0b923820dcc509a6f75849b
SHUBHAM,KANTILAL,PAWAR,14-10-1994,121080035,NT,Mechanical,shubham.pawar37@gmail.com,2012 - 13,9298276538,50282,Sanskruti,GV Road,Latur,,c4ca4238a0b923820dcc509a6f75849b
PANKAJ,SUDHAKAR,PATIL,01-04-1994,121080036,OPEN,Electronics and Telecommunications,pankaj.patil46@gmail.com,2012 - 13,9628553550,59834,Sanskruti,Gandhidham,Nashik,,c4ca4238a0b923820dcc509a6f75849b
SHAILESH,SUDHAKAR,MENDHEKAR,02-12-1994,121080037,ST,Electronics and Telecommunications,shailesh.mendhekar39@gmail.com,2012 - 13,9153689158,39928,Sanskruti,Gandhidham,Akola,,c4ca4238a0b923820dcc509a6f75849b
ATUL,VINAYAK,PARKHE,07-04-1994,121080038,OPEN,Electrical,atul.parkhe53@gmail.com,2012 - 13,9923608024,59834,Krishnavan,Gandhidham,Latur,,c4ca4238a0b923820dcc509a6f75849b
PRASHISH,MANIKRAO,SURVE,09-04-1994,121080039,OBC,Electrical,prashish.surve52@gmail.com,2012 - 13,9112215677,54873,Krishnavan,SV Nagar,Kolhapur,,c4ca4238a0b923820dcc509a6f75849b
RAJBHUSHAN,BHATESING,RAJPUT,02-04-1994,121080040,NT,Electrical,rajbhushan.rajput38@gmail.com,2012 - 13,9037555439,50282,Krishnavan,Gandhidham,Nagpur,,c4ca4238a0b923820dcc509a6f75849b
SANTOSH,KANTILAL,MAGAR,08-03-1994,121080041,OBC,Production,santosh.magar38@gmail.com,2012 - 13,9091386631,54873,Sanskruti,GV Road,Latur,,c4ca4238a0b923820dcc509a6f75849b
VAIBHAV,VASANT,MESHRAM,21-10-1994,121080042,ST,Production,vaibhav.meshram80@gmail.com,2012 - 13,9014015737,39928,Gokul Garden,Tilaknagar,Latur,,c4ca4238a0b923820dcc509a6f75849b
AKSHAY,JAGATPAL,KOGDE,26-09-1994,121080043,OBC,Information Technology,akshay.kogde39@gmail.com,2012 - 13,9095252146,54873,Krishnavan,Gandhidham,Kolhapur,,c4ca4238a0b923820dcc509a6f75849b
ROHIT,MADHUKARRAO,LAKDE,02-04-1994,121080044,VJ,Information Technology,rohit.lakde25@gmail.com,2012 - 13,9615070257,45545,Gokul Garden,SV Nagar,Kolhapur,,c4ca4238a0b923820dcc509a6f75849b
SAMEER,SHESHRAO,ARU,27-06-1994,121080045,NT,Information Technology,sameer.aru38@gmail.com,2012 - 13,9153463258,50282,Krishnavan,GV Road,Latur,,c4ca4238a0b923820dcc509a6f75849b
MAHENDRA,RAMRAO,DEGURE,27-03-1994,121080046,NT,Information Technology,mahendra.degure52@gmail.com,2012 - 13,8847097616,50282,Krishnavan,Kriti Complex,Kolhapur,,c4ca4238a0b923820dcc509a6f75849b
DHIRAJ,BHALCHANDRA,ZOPE,26-05-1994,121080047,SC,Production,dhiraj.zope51@gmail.com,2012 - 13,9230853160,42789,Krishnavan,Tilaknagar,Latur,,c4ca4238a0b923820dcc509a6f75849b
PARIKSHIT,SITARAM,CHAVAN,28-01-1994,121080048,OBC,Information Technology,parikshit.chavan79@gmail.com,2012 - 13,9781257489,54873,Riddhi Siddhi,Kriti Complex,Nagpur,,c4ca4238a0b923820dcc509a6f75849b
VAIBHAV,RAMESHWAR,DHOKE,25-11-1994,121080049,NT,Information Technology,vaibhav.dhoke32@gmail.com,2012 - 13,9133931572,50282,Gokul Garden,Tilaknagar,Akola,,c4ca4238a0b923820dcc509a6f75849b
DEVENDRA,MOHAN,MAHAJAN,24-10-1994,121080050,OBC,Mechanical,devendra.mahajan92@gmail.com,2012 - 13,8881667201,54873,Krishnavan,Kriti Complex,Nashik,,c4ca4238a0b923820dcc509a6f75849b
NILESH,KAMLESH,KALANI,22-07-1994,121080051,NT,Mechanical,nilesh.kalani41@gmail.com,2012 - 13,8913443886,50282,Krishnavan,Tilaknagar,Latur,,c4ca4238a0b923820dcc509a6f75849b
ANIRUDDHA,RAJENDRA,SHIMPI,01-05-1994,121080052,NT,Mechanical,aniruddha.shimpi72@gmail.com,2012 - 13,9110817601,50282,Krishnavan,Kriti Complex,Nagpur,,c4ca4238a0b923820dcc509a6f75849b
PRASHANT,KESHAV,SATPUTE,21-10-1994,121080053,NT,Computers,prashant.satpute20@gmail.com,2012 - 13,9125891103,50282,Riddhi Siddhi,Gandhidham,Nashik,,c4ca4238a0b923820dcc509a6f75849b
MOHITKUMAR,,KACHHWANI,23-06-1994,121080054,OBC,Electronics and Telecommunications,mohitkumar.kachhwani66@gmail.com,2012 - 13,8957708696,54873,Gurukul Heights,Kriti Complex,Kolhapur,,c4ca4238a0b923820dcc509a6f75849b
AKSHAY,KANHAIYA,AGRAWAL,19-12-1994,121080055,SC,Electronics,akshay.agrawal92@gmail.com,2012 - 13,9269793495,42789,Sanskruti,Tilaknagar,Latur,,c4ca4238a0b923820dcc509a6f75849b
SURAJ,PURUSHOTTAM,MANIYAR,12-05-1994,121080056,SC,Electronics,suraj.maniyar68@gmail.com,2012 - 13,8848602316,42789,Sanskruti,GV Road,Akola,,c4ca4238a0b923820dcc509a6f75849b
ABHIJEET,VIJAYKUMAR,JAIWAL,19-07-1994,121080057,VJ,Electronics,abhijeet.jaiwal70@gmail.com,2012 - 13,9887881854,45545,Gokul Garden,Tilaknagar,Nashik,,c4ca4238a0b923820dcc509a6f75849b
PARESH,PRAKASHRAO,BANSOD,16-04-1994,121080058,ST,Electronics,paresh.bansod55@gmail.com,2012 - 13,8952741635,39928,Riddhi Siddhi,SV Nagar,Akola,,c4ca4238a0b923820dcc509a6f75849b
RAJ,ANIL,GAIKWAD,05-01-1994,121080059,SC,Electronics,raj.gaikwad44@gmail.com,2012 - 13,9977950302,42789,Sanskruti,Tilaknagar,Kolhapur,,c4ca4238a0b923820dcc509a6f75849b
ADITYA,KISHOR,PANDHARE,12-10-1994,121080060,SC,Electronics,aditya.pandhare79@gmail.com,2012 - 13,8945174446,42789,Sanskruti,Kriti Complex,Akola,,c4ca4238a0b923820dcc509a6f75849b
AMOL,RANGNATH,KARANDE,11-10-1994,121080061,OPEN,Electronics,amol.karande40@gmail.com,2012 - 13,9781768673,59834,Gokul Garden,Gandhidham,Nagpur,,c4ca4238a0b923820dcc509a6f75849b
ASHUTOSH,EKNATH,THOMBAL,19-04-1994,121080062,SC,Electronics and Telecommunications,ashutosh.thombal96@gmail.com,2012 - 13,8941172465,42789,Gokul Garden,Kriti Complex,Latur,,c4ca4238a0b923820dcc509a6f75849b
NIKHIL,KISHOR,WANI,04-02-1994,121080063,NT,Electronics and Telecommunications,nikhil.wani38@gmail.com,2012 - 13,8841917811,50282,Gokul Garden,GV Road,Kolhapur,,c4ca4238a0b923820dcc509a6f75849b
KUNDAN,VILAS,PAWAR,23-06-1994,121080064,OPEN,Electronics and Telecommunications,kundan.pawar87@gmail.com,2012 - 13,9390761664,59834,Gokul Garden,Tilaknagar,Kolhapur,,c4ca4238a0b923820dcc509a6f75849b
MAHENDRA,SURESH,BENDALE,28-04-1994,121080065,VJ,Computers,mahendra.bendale88@gmail.com,2012 - 13,9856566393,45545,Riddhi Siddhi,SV Nagar,Kolhapur,,c4ca4238a0b923820dcc509a6f75849b
AKSHAY,DIGAMBAR,KAKAD,16-11-1994,121080066,SC,Electronics and Telecommunications,akshay.kakad17@gmail.com,2012 - 13,9436819232,42789,Sanskruti,GV Road,Nagpur,,c4ca4238a0b923820dcc509a6f75849b
NIKHIL,PRAMOD,DOIFODE,17-04-1994,121080067,SC,Computers,nikhil.doifode46@gmail.com,2012 - 13,9163512502,42789,Sanskruti,Kriti Complex,Nashik,,c4ca4238a0b923820dcc509a6f75849b
SACHIN,RAMESH,PUNDKAR,10-12-1994,121080068,VJ,Computers,sachin.pundkar74@gmail.com,2012 - 13,9763730067,45545,Riddhi Siddhi,GV Road,Kolhapur,,c4ca4238a0b923820dcc509a6f75849b
SUMEET,DATTATRAY,KHODE,26-02-1994,121080069,ST,Computers,sumeet.khode39@gmail.com,2012 - 13,9463391778,39928,Krishnavan,Gandhidham,Latur,,c4ca4238a0b923820dcc509a6f75849b
ROHIT,UDAY,LAWANGE,12-06-1994,121080070,OBC,Computers,rohit.lawange73@gmail.com,2012 - 13,9020241260,54873,Sanskruti,SV Nagar,Nashik,,c4ca4238a0b923820dcc509a6f75849b
NIKHIL,GAJANAN,DHARANE,01-10-1994,121080071,NT,Electronics and Telecommunications,nikhil.dharane18@gmail.com,2012 - 13,9223886394,50282,Riddhi Siddhi,SV Nagar,Nashik,,c4ca4238a0b923820dcc509a6f75849b
NACHIKET,BALASAHEB,VARADE,03-10-1994,121080072,OPEN,Production,nachiket.varade57@gmail.com,2012 - 13,9348658223,59834,Gokul Garden,SV Nagar,Akola,,c4ca4238a0b923820dcc509a6f75849b
NIKHIL,CHUDAMAN,GAJRE,12-11-1994,121080073,NT,Electrical,nikhil.gajre68@gmail.com,2012 - 13,8887272037,50282,Krishnavan,GV Road,Nagpur,,c4ca4238a0b923820dcc509a6f75849b
ANKUSH,NANDKISHOR,JOGDAND,20-09-1994,121080074,SC,Electrical,ankush.jogdand34@gmail.com,2012 - 13,9518694019,42789,Sanskruti,Tilaknagar,Kolhapur,,c4ca4238a0b923820dcc509a6f75849b
SURESH,RAMBHAU,MUNDHE,23-09-1994,121080075,SC,Electrical,suresh.mundhe82@gmail.com,2012 - 13,9353432394,42789,Riddhi Siddhi,GV Road,Nagpur,,c4ca4238a0b923820dcc509a6f75849b
HARSHAL,NARENDRA,MORE,06-12-1994,121080076,SC,Electronics and Telecommunications,harshal.more48@gmail.com,2012 - 13,9642887007,42789,Sanskruti,GV Road,Nashik,,c4ca4238a0b923820dcc509a6f75849b
MANGALSING,CHAINSING,SUNDARDE,14-03-1994,121080077,SC,Electronics and Telecommunications,mangalsing.sundarde30@gmail.com,2012 - 13,9190840637,42789,Sanskruti,GV Road,Latur,,c4ca4238a0b923820dcc509a6f75849b
HARSHAVARDHAN,HANMANT,THORAT,21-09-1994,121080078,NT,Electronics and Telecommunications,harshavardhan.thorat45@gmail.com,2012 - 13,9867980965,50282,Riddhi Siddhi,GV Road,Nagpur,,c4ca4238a0b923820dcc509a6f75849b
VIJAY,NAGNATH,KALE,25-07-1994,121080079,ST,Electronics,vijay.kale58@gmail.com,2012 - 13,8829479888,39928,Gokul Garden,Gandhidham,Akola,,c4ca4238a0b923820dcc509a6f75849b
ABHIJEET,ARVINDRAO,BURDE,03-07-1994,121080080,SC,Electronics and Telecommunications,abhijeet.burde95@gmail.com,2012 - 13,9826765632,42789,Gokul Garden,Gandhidham,Kolhapur,,c4ca4238a0b923820dcc509a6f75849b
MANGESH,SHIVAJIRAO,KHANDEKAR,16-01-1994,121080081,OPEN,Electronics,mangesh.khandekar30@gmail.com,2012 - 13,9035263941,59834,Gokul Garden,SV Nagar,Nagpur,,c4ca4238a0b923820dcc509a6f75849b
ABHAY,SHANKAR,GAIKWAD,10-03-1994,121080082,VJ,Electronics and Telecommunications,abhay.gaikwad38@gmail.com,2012 - 13,8946178921,45545,Sanskruti,Kriti Complex,Kolhapur,,c4ca4238a0b923820dcc509a6f75849b
AKSHAY,PRAKASH,KULKARNI,20-02-1994,121080083,OBC,Electronics and Telecommunications,akshay.kulkarni35@gmail.com,2012 - 13,9752951248,54873,Riddhi Siddhi,SV Nagar,Nashik,,c4ca4238a0b923820dcc509a6f75849b
AAKASH,PRASADCHANDRA,ATNOORKAR,21-06-1994,121080084,OPEN,Electronics and Telecommunications,aakash.atnoorkar83@gmail.com,2012 - 13,9097079354,59834,Krishnavan,Kriti Complex,Kolhapur,,c4ca4238a0b923820dcc509a6f75849b
AJINKYA,SUNIL,JOSHI,05-10-1994,121080085,NT,Electrical,ajinkya.joshi23@gmail.com,2012 - 13,9523350050,50282,Sanskruti,Tilaknagar,Nagpur,,c4ca4238a0b923820dcc509a6f75849b
NITIN,VITTHALRAO,GHUGE,01-06-1994,121080086,VJ,Electronics   ,nitin.ghuge35@gmail.com,2012 - 13,9168730973,45545,Sanskruti,GV Road,Nagpur,,c4ca4238a0b923820dcc509a6f75849b
SANTOSH,SHRIDHAR,JADHAV,19-09-1994,121080087,VJ,Electronics   ,santosh.jadhav84@gmail.com,2012 - 13,9187565509,45545,Riddhi Siddhi,GV Road,Akola,,c4ca4238a0b923820dcc509a6f75849b
SANKET,SAMPATRAO,YAMGAR,28-06-1994,121080088,NT,Computers,sanket.yamgar90@gmail.com,2012 - 13,9646896735,50282,Sanskruti,Tilaknagar,Nashik,,c4ca4238a0b923820dcc509a6f75849b
SWAPNIL,RAJESH,RATHOD,13-09-1994,121080089,SC,Computers,swapnil.rathod60@gmail.com,2012 - 13,9611250300,42789,Riddhi Siddhi,GV Road,Nashik,,c4ca4238a0b923820dcc509a6f75849b
VISHAL,MASANAPPA,CHAVAN,02-08-1994,121080090,NT,Computers,vishal.chavan26@gmail.com,2012 - 13,9162778617,50282,Gurukul Heights,GV Road,Latur,,c4ca4238a0b923820dcc509a6f75849b
SANKET,MAHADEV,POTEY,17-02-1994,121080091,VJ,Production,sanket.potey43@gmail.com,2012 - 13,9186533615,45545,Gokul Garden,Tilaknagar,Nagpur,,c4ca4238a0b923820dcc509a6f75849b
BHUSHAN,PRASHANT,RANE,05-10-1994,121080092,OBC,Production,bhushan.rane28@gmail.com,2012 - 13,9573888220,54873,Riddhi Siddhi,Kriti Complex,Nashik,,c4ca4238a0b923820dcc509a6f75849b
RAHUL,RAMRAO,PAWAR,17-03-1994,121080093,SC,Civil,rahul.pawar72@gmail.com,2012 - 13,9852546441,42789,Sanskruti,Tilaknagar,Latur,,c4ca4238a0b923820dcc509a6f75849b
JITESH,MAHABALA,DEVADIGA,20-02-1994,121080094,OBC,Mechanical,jitesh.devadiga38@gmail.com,2012 - 13,9792739573,54873,Gurukul Heights,SV Nagar,Nashik,,c4ca4238a0b923820dcc509a6f75849b
MANAS,LAXMIKANT,RANE,18-04-1994,121080095,SC,Mechanical,manas.rane26@gmail.com,2012 - 13,9427106592,42789,Riddhi Siddhi,Tilaknagar,Nashik,,c4ca4238a0b923820dcc509a6f75849b
AMIT,RAMDAS,UKARANDE,19-10-1994,121080096,OPEN,Information Technology,amit.ukarande31@gmail.com,2012 - 13,9135295989,59834,Gurukul Heights,Kriti Complex,Kolhapur,,c4ca4238a0b923820dcc509a6f75849b
CHINMAY,AVINASH,KARANJKAR,11-03-1994,121080097,OBC,Information Technology,chinmay.karanjkar26@gmail.com,2012 - 13,9374227119,54873,Riddhi Siddhi,Tilaknagar,Kolhapur,,c4ca4238a0b923820dcc509a6f75849b
AJIT,UTTAMRAO,BHANDARE,14-06-1994,121080098,OPEN,Production,ajit.bhandare52@gmail.com,2012 - 13,9396137149,59834,Gurukul Heights,SV Nagar,Nashik,,c4ca4238a0b923820dcc509a6f75849b
SHIVANAND,RAJKUMAR,KAUDAKI,01-03-1994,121080099,NT,Electronics and Telecommunications,shivanand.kaudaki26@gmail.com,2012 - 13,9540887854,50282,Riddhi Siddhi,SV Nagar,Kolhapur,,c4ca4238a0b923820dcc509a6f75849b
GAURAV,VINOD,TOPLE,10-12-1994,121080100,ST,Information Technology,gaurav.tople65@gmail.com,2012 - 13,8979318269,39928,Gokul Garden,Gandhidham,Nashik,,c4ca4238a0b923820dcc509a6f75849b
SHUBHAM,PRABHUAPPA,JATTE,24-09-1994,121080101,ST,Civil,shubham.jatte85@gmail.com,2012 - 13,9851043504,39928,Riddhi Siddhi,GV Road,Nashik,,c4ca4238a0b923820dcc509a6f75849b
KEDAR,RAJIV,JOSHI,16-12-1994,121080102,VJ,Production,kedar.joshi23@gmail.com,2012 - 13,9861917636,45545,Riddhi Siddhi,Gandhidham,Nagpur,,c4ca4238a0b923820dcc509a6f75849b
ROHAN,ABHAY,SANGAVE,22-10-1994,121080103,ST,Electrical,rohan.sangave70@gmail.com,2012 - 13,9046458196,39928,Gokul Garden,Kriti Complex,Kolhapur,,c4ca4238a0b923820dcc509a6f75849b
RAHUL,SURESH,NAIR,03-03-1994,121080104,SC,Electrical,rahul.nair66@gmail.com,2012 - 13,9922842360,42789,Gokul Garden,Tilaknagar,Latur,,c4ca4238a0b923820dcc509a6f75849b
KIRAN,MADHUSOODANAN,NAIR,06-08-1994,121080105,NT,Electrical,kiran.nair59@gmail.com,2012 - 13,9027881802,50282,Krishnavan,Gandhidham,Akola,,c4ca4238a0b923820dcc509a6f75849b
RAHUL,NARENDRA,TIWARI,18-12-1994,121080106,OPEN,Textile,rahul.tiwari50@gmail.com,2012 - 13,9831159543,59834,Riddhi Siddhi,Kriti Complex,Latur,,c4ca4238a0b923820dcc509a6f75849b
RUSHIKESH,DILIPRAO,SHENDE,01-11-1994,121080107,OBC,Production,rushikesh.shende66@gmail.com,2012 - 13,9856681539,54873,Sanskruti,Tilaknagar,Latur,,c4ca4238a0b923820dcc509a6f75849b
PRASAD,LAXMIKANT,DESHMUKH,09-04-1994,121080108,VJ,Textile,prasad.deshmukh55@gmail.com,2012 - 13,9747809963,45545,Riddhi Siddhi,SV Nagar,Latur,,c4ca4238a0b923820dcc509a6f75849b
AMOL,,CHAVAN,07-01-1994,121080109,SC,Textile,amol.chavan61@gmail.com,2012 - 13,8910802373,42789,Gokul Garden,Gandhidham,Akola,,c4ca4238a0b923820dcc509a6f75849b
UJJWAL,KUMAR,SINGH,14-02-1994,121080110,ST,Electrical,ujjwal.singh71@gmail.com,2012 - 13,8896559542,39928,Gurukul Heights,SV Nagar,Latur,,c4ca4238a0b923820dcc509a6f75849b
ANANT,DAGADU,PATIL,18-04-1994,121080111,OPEN,Electrical,anant.patil23@gmail.com,2012 - 13,9645540781,59834,Krishnavan,SV Nagar,Latur,,c4ca4238a0b923820dcc509a6f75849b
TUSHAR,CHANDRAKANT,DEVALE,03-04-1994,121080112,NT,Electrical,tushar.devale16@gmail.com,2012 - 13,9782820429,50282,Gurukul Heights,SV Nagar,Akola,,c4ca4238a0b923820dcc509a6f75849b
AMOL,RAJENDRA,BIRHADE,11-02-1994,121080113,NT,Production,amol.birhade29@gmail.com,2012 - 13,9420791748,50282,Gurukul Heights,GV Road,Akola,,c4ca4238a0b923820dcc509a6f75849b
SWAPNIL,SURYAKANT,JAYBHAYE,11-11-1994,121080114,OPEN,Production,swapnil.jaybhaye38@gmail.com,2012 - 13,9011804732,59834,Krishnavan,Kriti Complex,Kolhapur,,c4ca4238a0b923820dcc509a6f75849b
AKSHAY,VISHWANATH,ALSE,08-11-1994,121080115,VJ,Electronics and Telecommunications,akshay.alse50@gmail.com,2012 - 13,9135713061,45545,Riddhi Siddhi,Kriti Complex,Nashik,,c4ca4238a0b923820dcc509a6f75849b
PIYUSH,PRUTHVIRAJ,SHAH,01-06-1994,121080116,OBC,Production,piyush.shah94@gmail.com,2012 - 13,9181042605,54873,Gurukul Heights,Kriti Complex,Akola,,c4ca4238a0b923820dcc509a6f75849b
AJINKYA,JAYANT,DESHPANDE,06-08-1994,121080117,NT,Production,ajinkya.deshpande44@gmail.com,2012 - 13,9716771125,50282,Krishnavan,Tilaknagar,Kolhapur,,c4ca4238a0b923820dcc509a6f75849b
UMESH,LAXMAN,SARUK,02-04-1994,121080118,SC,Electronics and Telecommunications,umesh.saruk41@gmail.com,2012 - 13,9972161865,42789,Riddhi Siddhi,Kriti Complex,Nagpur,,c4ca4238a0b923820dcc509a6f75849b
VISHAL,RAMJI,SALUNKE,24-05-1994,121080119,VJ,Electrical,vishal.salunke32@gmail.com,2012 - 13,8819725143,45545,Gurukul Heights,Kriti Complex,Kolhapur,,c4ca4238a0b923820dcc509a6f75849b
SURAJ,RAJKUMAR,MORE,10-01-1994,121080120,SC,Civil,suraj.more77@gmail.com,2012 - 13,9795064687,42789,Riddhi Siddhi,Gandhidham,Nagpur,,c4ca4238a0b923820dcc509a6f75849b
SUBODH,PYARCHAND,WASNIK,28-10-1994,121080121,NT,Electronics,subodh.wasnik71@gmail.com,2012 - 13,9722413355,50282,Krishnavan,GV Road,Akola,,c4ca4238a0b923820dcc509a6f75849b
TUSHAR,DHANRAJ,MESHRAM,04-02-1994,121080122,SC,Mechanical,tushar.meshram19@gmail.com,2012 - 13,9192854501,42789,Krishnavan,Kriti Complex,Latur,,c4ca4238a0b923820dcc509a6f75849b
PRANAV,MANOJ,PATHAK,01-04-1994,121080123,ST,Textile,pranav.pathak90@gmail.com,2012 - 13,9425721187,39928,Riddhi Siddhi,Tilaknagar,Nagpur,,c4ca4238a0b923820dcc509a6f75849b
VAIBHAV,MOHANRAO,CHATARKAR,04-06-1994,121080124,VJ,Electronics and Telecommunications,vaibhav.chatarkar52@gmail.com,2012 - 13,9829292297,45545,Gurukul Heights,Kriti Complex,Latur,,c4ca4238a0b923820dcc509a6f75849b
HARSHAL,SUBHASHRAO,KANTALE,25-11-1994,121080125,VJ,Production,harshal.kantale64@gmail.com,2012 - 13,8931421667,45545,Gokul Garden,SV Nagar,Latur,,c4ca4238a0b923820dcc509a6f75849b
CHINMAY,BHASKAR,FULPAGAR,07-02-1994,121080126,ST,Electrical,chinmay.fulpagar91@gmail.com,2012 - 13,9981037033,39928,Gokul Garden,Gandhidham,Akola,,c4ca4238a0b923820dcc509a6f75849b
VINEET,RAJENDRA,GEDAM,18-03-1994,121080127,SC,Electrical,vineet.gedam28@gmail.com,2012 - 13,9053339057,42789,Gurukul Heights,GV Road,Kolhapur,,c4ca4238a0b923820dcc509a6f75849b
ARPIT,NITINKUMAR,DONGRE,16-07-1994,121080128,SC,Electrical,arpit.dongre85@gmail.com,2012 - 13,9152181343,42789,Gokul Garden,Kriti Complex,Nashik,,c4ca4238a0b923820dcc509a6f75849b
VAIBHAV,ARUNRAO,KATE,08-07-1994,121080129,SC,Electrical,vaibhav.kate33@gmail.com,2012 - 13,9386029438,42789,Riddhi Siddhi,Tilaknagar,Kolhapur,,c4ca4238a0b923820dcc509a6f75849b
AJINKYA,ASHOK,CHAUDHARY,10-05-1995,131080000,OBC,Electrical,ajinkya.chaudhary22@gmail.com,2013 - 14,9442648547,54873,Gokul Garden,GV Road,Akola,,c4ca4238a0b923820dcc509a6f75849b
ASHUTOSH,SURESH,NARKHEDE,14-09-1995,131080001,VJ,Electronics and Telecommunications,ashutosh.narkhede31@gmail.com,2013 - 14,9657344446,45545,Sanskruti,Kriti Complex,Nagpur,,c4ca4238a0b923820dcc509a6f75849b
AKSHAY,,BOROLE,27-05-1995,131080002,OBC,Production,akshay.borole16@gmail.com,2013 - 14,9533190847,54873,Gurukul Heights,Kriti Complex,Kolhapur,,c4ca4238a0b923820dcc509a6f75849b
SHUBHAM,,EKATPURE,05-03-1995,131080003,NT,Mechanical,shubham.ekatpure81@gmail.com,2013 - 14,9430677362,50282,Krishnavan,Tilaknagar,Akola,,c4ca4238a0b923820dcc509a6f75849b
MAYUR,MILIND,INDURKAR,24-05-1995,131080004,NT,Mechanical,mayur.indurkar81@gmail.com,2013 - 14,9649742504,50282,Gurukul Heights,Tilaknagar,Latur,,c4ca4238a0b923820dcc509a6f75849b
AAKASH,ABHAY,PANCHAKSHARI,21-03-1995,131080005,ST,Electronics,aakash.panchakshari45@gmail.com,2013 - 14,9823760613,39928,Gokul Garden,Gandhidham,Nagpur,,c4ca4238a0b923820dcc509a6f75849b
PRADIP,TUKARAM,SABADE,23-11-1995,131080006,NT,Electronics and Telecommunications,pradip.sabade53@gmail.com,2013 - 14,9464193041,50282,Riddhi Siddhi,GV Road,Nashik,,c4ca4238a0b923820dcc509a6f75849b
SHUBHAM,G.,THAKARE,07-10-1995,131080007,OBC,Information Technology,shubham.thakare40@gmail.com,2013 - 14,9463044507,54873,Gokul Garden,Gandhidham,Nagpur,,c4ca4238a0b923820dcc509a6f75849b
AKASH,GANESH,CHOPADE,19-08-1995,131080008,ST,Electronics,akash.chopade35@gmail.com,2013 - 14,9050223958,39928,Sanskruti,GV Road,Kolhapur,,c4ca4238a0b923820dcc509a6f75849b
AKSHAY,B.,NAWALKAR,25-02-1995,131080009,NT,Electronics,akshay.nawalkar45@gmail.com,2013 - 14,9992622333,50282,Krishnavan,GV Road,Akola,,c4ca4238a0b923820dcc509a6f75849b
ANKIT,NARAYAN,NIMBOLKAR,10-01-1995,131080010,OPEN,Electronics and Telecommunications,ankit.nimbolkar91@gmail.com,2013 - 14,9678370373,59834,Gurukul Heights,Gandhidham,Nashik,,c4ca4238a0b923820dcc509a6f75849b
BHUSHAN,D.,MANE,07-10-1995,131080011,SC,Electronics,bhushan.mane71@gmail.com,2013 - 14,9241155325,42789,Riddhi Siddhi,Tilaknagar,Akola,,c4ca4238a0b923820dcc509a6f75849b
SAGAR,SURESH,BORDE,24-12-1995,131080012,SC,Electronics and Telecommunications,sagar.borde77@gmail.com,2013 - 14,9962616196,42789,Riddhi Siddhi,Kriti Complex,Nagpur,,c4ca4238a0b923820dcc509a6f75849b
NIHIL,RAMAKANT,DHUNDALE,10-02-1995,131080013,NT,Textile,nihil.dhundale33@gmail.com,2013 - 14,8930571118,50282,Sanskruti,Tilaknagar,Nagpur,,c4ca4238a0b923820dcc509a6f75849b
SUDEEP,,KULKARNI-IRLEKAR,21-06-1995,131080014,VJ,Electrical,sudeep.kulkarni-irlekar17@gmail.com,2013 - 14,9334732095,45545,Sanskruti,SV Nagar,Kolhapur,,c4ca4238a0b923820dcc509a6f75849b
PRATEEK,HIRALAL,CHANGAN,16-07-1995,131080015,OPEN,Mechanical,prateek.changan93@gmail.com,2013 - 14,9339229255,59834,Sanskruti,Tilaknagar,Latur,,c4ca4238a0b923820dcc509a6f75849b
PRAFUL,GOPALRAO,CHOUDHARI,23-02-1995,131080016,OPEN,Electrical,praful.choudhari72@gmail.com,2013 - 14,9371818452,59834,Krishnavan,SV Nagar,Latur,,c4ca4238a0b923820dcc509a6f75849b
AKSHAY,HEMANT,BEZALWAR,05-03-1995,131080017,NT,Production,akshay.bezalwar31@gmail.com,2013 - 14,9126731752,50282,Gokul Garden,Gandhidham,Akola,,c4ca4238a0b923820dcc509a6f75849b
SWAROOP,GHANSHAM,PUNSE,24-06-1995,131080018,VJ,Production,swaroop.punse45@gmail.com,2013 - 14,9715472262,45545,Krishnavan,Gandhidham,Nashik,,c4ca4238a0b923820dcc509a6f75849b
SHUBHAM,SANJAY,CHAUDHARI,22-03-1995,131080019,ST,Information Technology,shubham.chaudhari54@gmail.com,2013 - 14,9180277547,39928,Gokul Garden,Gandhidham,Nashik,,c4ca4238a0b923820dcc509a6f75849b
PRASHIK,DHARMPAL,GAWAI,19-03-1995,131080020,OBC,Mechanical,prashik.gawai29@gmail.com,2013 - 14,9866115851,54873,Krishnavan,SV Nagar,Akola,,c4ca4238a0b923820dcc509a6f75849b
TUSHAR,GOPAL,RATHOD,07-02-1995,131080021,ST,Information Technology,tushar.rathod28@gmail.com,2013 - 14,8978435241,39928,Krishnavan,SV Nagar,Nashik,,c4ca4238a0b923820dcc509a6f75849b
AKASH,VASANTRAO,RAUT,16-01-1995,131080022,OBC,Information Technology,akash.raut66@gmail.com,2013 - 14,9981013843,54873,Riddhi Siddhi,SV Nagar,Akola,,c4ca4238a0b923820dcc509a6f75849b
AKASH,B.,PATIL,20-02-1995,131080023,ST,Textile,akash.patil80@gmail.com,2013 - 14,9030215984,39928,Krishnavan,Gandhidham,Kolhapur,,c4ca4238a0b923820dcc509a6f75849b
VIVEK,M.,MANKAR,10-03-1995,131080024,OPEN,Textile,vivek.mankar92@gmail.com,2013 - 14,9312792746,59834,Sanskruti,GV Road,Akola,,c4ca4238a0b923820dcc509a6f75849b
ABHISHEK,K.,RANGARI,16-11-1995,131080025,ST,Production,abhishek.rangari95@gmail.com,2013 - 14,8859384294,39928,Riddhi Siddhi,GV Road,Nagpur,,c4ca4238a0b923820dcc509a6f75849b
CHAITANYA,G.,GUTTE,22-07-1995,131080026,VJ,Production,chaitanya.gutte68@gmail.com,2013 - 14,8995793305,45545,Riddhi Siddhi,Kriti Complex,Nashik,,c4ca4238a0b923820dcc509a6f75849b
SHUBHAM,U.,KASHTE,12-08-1995,131080027,OBC,Production,shubham.kashte47@gmail.com,2013 - 14,9516839178,54873,Sanskruti,GV Road,Nashik,,c4ca4238a0b923820dcc509a6f75849b
SHUBHAM,DILIP,SONAWANI,08-08-1995,131080028,OPEN,Electrical,shubham.sonawani66@gmail.com,2013 - 14,9294483944,59834,Riddhi Siddhi,Tilaknagar,Kolhapur,,c4ca4238a0b923820dcc509a6f75849b
PRANAY,PRALHAD,PATIL,11-03-1995,131080029,VJ,Electrical,pranay.patil68@gmail.com,2013 - 14,9126365120,45545,Sanskruti,Gandhidham,Nagpur,,c4ca4238a0b923820dcc509a6f75849b
SUSHANT,DNYANESHWARRAO,WAGH,03-09-1995,131080030,NT,Electrical,sushant.wagh78@gmail.com,2013 - 14,9366342036,50282,Sanskruti,Gandhidham,Nashik,,c4ca4238a0b923820dcc509a6f75849b
SANJAY,KHANDURAO,LOTE,28-01-1995,131080031,SC,Electrical,sanjay.lote34@gmail.com,2013 - 14,8823840051,42789,Sanskruti,Kriti Complex,Akola,,c4ca4238a0b923820dcc509a6f75849b
SANKALP,GANESH,PUND,06-04-1995,131080032,OPEN,Electrical,sankalp.pund82@gmail.com,2013 - 14,9432602158,59834,Gurukul Heights,Kriti Complex,Akola,,c4ca4238a0b923820dcc509a6f75849b
TUSHAR,MAHADEVRAO,MAHALLE,19-10-1995,131080033,OPEN,Electrical,tushar.mahalle90@gmail.com,2013 - 14,9682007627,59834,Gokul Garden,Kriti Complex,Akola,,c4ca4238a0b923820dcc509a6f75849b
SORANG,,TAJANG,10-02-1995,131080034,VJ,Civil,sorang.tajang96@gmail.com,2013 - 14,9816407283,45545,Sanskruti,SV Nagar,Nashik,,c4ca4238a0b923820dcc509a6f75849b
PANKAJ,DATTATRAYA,PALWE,02-06-1995,131080035,NT,Mechanical,pankaj.palwe20@gmail.com,2013 - 14,9259498158,50282,Gokul Garden,SV Nagar,Nashik,,c4ca4238a0b923820dcc509a6f75849b
MOHIT,MADHUKAR,KAWALE,06-06-1995,131080036,SC,Civil,mohit.kawale21@gmail.com,2013 - 14,9170843726,42789,Krishnavan,Gandhidham,Nagpur,,c4ca4238a0b923820dcc509a6f75849b
HEMANT,MADHUKAR,KSHIRSAGAR,16-10-1995,131080037,OPEN,Civil,hemant.kshirsagar59@gmail.com,2013 - 14,9790850215,59834,Gurukul Heights,SV Nagar,Akola,,c4ca4238a0b923820dcc509a6f75849b
CHETAN,SURESH,THAKARE,27-07-1995,131080038,OBC,Civil,chetan.thakare42@gmail.com,2013 - 14,8963342668,54873,Gurukul Heights,Tilaknagar,Nagpur,,c4ca4238a0b923820dcc509a6f75849b
SWAPNIL,SONOPANT,BAGWE,23-04-1995,131080039,OPEN,Mechanical,swapnil.bagwe62@gmail.com,2013 - 14,9949443918,59834,Sanskruti,Kriti Complex,Akola,,c4ca4238a0b923820dcc509a6f75849b
HITESH,RAMCHANDRA,JADHAV,03-05-1995,131080040,ST,Mechanical,hitesh.jadhav20@gmail.com,2013 - 14,9357095015,39928,Riddhi Siddhi,Tilaknagar,Nagpur,,c4ca4238a0b923820dcc509a6f75849b
SHUBHAM,,MHADALEKAR,07-03-1995,131080041,OBC,Mechanical,shubham.mhadalekar80@gmail.com,2013 - 14,8888246768,54873,Riddhi Siddhi,Gandhidham,Nashik,,c4ca4238a0b923820dcc509a6f75849b
AMEY,ANIL,MHADGUT,14-07-1995,131080042,OBC,Mechanical,amey.mhadgut78@gmail.com,2013 - 14,9824756615,54873,Riddhi Siddhi,GV Road,Nashik,,c4ca4238a0b923820dcc509a6f75849b
PIYUSH,HITENDRA,CHAUDHARI,01-12-1995,131080043,ST,Mechanical,piyush.chaudhari50@gmail.com,2013 - 14,9741301888,39928,Gokul Garden,Tilaknagar,Kolhapur,,c4ca4238a0b923820dcc509a6f75849b
NILESH,RAMESH,KOWADKAR,17-07-1995,131080044,SC,Mechanical,nilesh.kowadkar75@gmail.com,2013 - 14,9397996010,42789,Krishnavan,Kriti Complex,Latur,,c4ca4238a0b923820dcc509a6f75849b
SHUBHAM,GOVIND,DABRE,26-04-1995,131080045,SC,Civil,shubham.dabre45@gmail.com,2013 - 14,9279525381,42789,Gurukul Heights,SV Nagar,Kolhapur,,c4ca4238a0b923820dcc509a6f75849b
KARTIK,SHARAD,PATEL,05-05-1995,131080046,SC,Civil,kartik.patel41@gmail.com,2013 - 14,9361613955,42789,Gokul Garden,SV Nagar,Nashik,,c4ca4238a0b923820dcc509a6f75849b
RUPESH,ASHOKRAO,YAWALE,21-03-1995,131080047,OBC,Civil,rupesh.yawale84@gmail.com,2013 - 14,9597994966,54873,Riddhi Siddhi,Tilaknagar,Nashik,,c4ca4238a0b923820dcc509a6f75849b
AKSHAY,SUDHAKAR,PAWAR,18-05-1995,131080048,VJ,Civil,akshay.pawar51@gmail.com,2013 - 14,9237791373,45545,Gurukul Heights,Gandhidham,Kolhapur,,c4ca4238a0b923820dcc509a6f75849b
KARAN,SUBHASH,VARADE,08-06-1995,131080049,ST,Civil,karan.varade79@gmail.com,2013 - 14,9530774214,39928,Sanskruti,GV Road,Akola,,c4ca4238a0b923820dcc509a6f75849b
SOHAM,SHAM,SARAM,13-07-1995,131080050,OBC,Civil,soham.saram63@gmail.com,2013 - 14,9961473685,54873,Gurukul Heights,GV Road,Kolhapur,,c4ca4238a0b923820dcc509a6f75849b
PRATIK,SURESH,SURYAWANSHI,24-08-1995,131080051,VJ,Electrical,pratik.suryawanshi45@gmail.com,2013 - 14,9684015334,45545,Gurukul Heights,Kriti Complex,Kolhapur,,c4ca4238a0b923820dcc509a6f75849b
SURAJ,ASHOK,PALWE,11-10-1995,131080052,OPEN,Electronics and Telecommunications,suraj.palwe31@gmail.com,2013 - 14,9398305697,59834,Sanskruti,SV Nagar,Akola,,c4ca4238a0b923820dcc509a6f75849b
MAYUR,HARISHCHANDRA,SONAWANE,27-04-1995,131080053,SC,Computers,mayur.sonawane66@gmail.com,2013 - 14,9589458906,42789,Riddhi Siddhi,Tilaknagar,Akola,,c4ca4238a0b923820dcc509a6f75849b
ANURAG,VISHNUDAS,MAHANKAR,27-01-1995,131080054,OPEN,Information Technology,anurag.mahankar93@gmail.com,2013 - 14,9121607139,59834,Sanskruti,SV Nagar,Latur,,c4ca4238a0b923820dcc509a6f75849b
CHANDRAKANT,JANRAO,MUNDANE,28-08-1995,131080055,NT,Electronics and Telecommunications,chandrakant.mundane83@gmail.com,2013 - 14,9826855794,50282,Gurukul Heights,Tilaknagar,Akola,,c4ca4238a0b923820dcc509a6f75849b
SHUBHAM,KISHOR,GULHANE,27-10-1995,131080056,OPEN,Information Technology,shubham.gulhane79@gmail.com,2013 - 14,8927744343,59834,Gurukul Heights,GV Road,Latur,,c4ca4238a0b923820dcc509a6f75849b
MAYUR,SUNIL,BHAVSAR,04-04-1995,131080057,OBC,Electrical,mayur.bhavsar95@gmail.com,2013 - 14,9290984118,54873,Krishnavan,SV Nagar,Akola,,c4ca4238a0b923820dcc509a6f75849b
VAIBHAV,JANARDAN,DHANAWADE,06-01-1995,131080058,NT,Civil,vaibhav.dhanawade63@gmail.com,2013 - 14,9134056782,50282,Riddhi Siddhi,Gandhidham,Nagpur,,c4ca4238a0b923820dcc509a6f75849b
SANGRAM,DILIP,DESALE,28-02-1995,131080059,OPEN,Mechanical,sangram.desale33@gmail.com,2013 - 14,9485731424,59834,Riddhi Siddhi,Tilaknagar,Latur,,c4ca4238a0b923820dcc509a6f75849b
JITEN,SURESH,GAWADE,19-11-1995,131080060,NT,Mechanical,jiten.gawade69@gmail.com,2013 - 14,9699599830,50282,Riddhi Siddhi,Kriti Complex,Akola,,c4ca4238a0b923820dcc509a6f75849b
ABHAY,PANDURANG,KAMBLE,18-01-1995,131080061,SC,Civil,abhay.kamble61@gmail.com,2013 - 14,9318747633,42789,Gokul Garden,Tilaknagar,Nagpur,,c4ca4238a0b923820dcc509a6f75849b
SURAJ,PRAKASH,PALHAL,22-03-1995,131080062,NT,Textile,suraj.palhal59@gmail.com,2013 - 14,9142707324,50282,Sanskruti,Tilaknagar,Latur,,c4ca4238a0b923820dcc509a6f75849b
AKSHAY,PRAVIN,WATTAMWAR,26-07-1995,131080063,OPEN,Computers,akshay.wattamwar44@gmail.com,2013 - 14,9374771483,59834,Krishnavan,Gandhidham,Latur,,c4ca4238a0b923820dcc509a6f75849b
DINESH,MAGANGIR,GIRI,15-03-1995,131080064,NT,Computers,dinesh.giri65@gmail.com,2013 - 14,9974919280,50282,Gurukul Heights,Kriti Complex,Kolhapur,,c4ca4238a0b923820dcc509a6f75849b
SHUBHAM,NAMDEO,DAKE,07-10-1995,131080065,OPEN,Production,shubham.dake84@gmail.com,2013 - 14,9487506836,59834,Krishnavan,Kriti Complex,Akola,,c4ca4238a0b923820dcc509a6f75849b
AKASH,DATTATRAY,GURLE,24-04-1995,131080066,SC,Electronics,akash.gurle55@gmail.com,2013 - 14,9553144724,42789,Gokul Garden,Gandhidham,Nashik,,c4ca4238a0b923820dcc509a6f75849b
ROHIT,RAVINDRA,PATIL,06-11-1995,131080067,ST,Computers,rohit.patil44@gmail.com,2013 - 14,9610595055,39928,Gurukul Heights,Gandhidham,Latur,,c4ca4238a0b923820dcc509a6f75849b
SOYAL,SADIK,MARKHELKAR,02-12-1995,131080068,SC,Computers,soyal.markhelkar63@gmail.com,2013 - 14,9817154255,42789,Gokul Garden,SV Nagar,Akola,,c4ca4238a0b923820dcc509a6f75849b
ABHIJEET,NARAYAN,THAKARE,08-09-1995,131080069,SC,Computers,abhijeet.thakare41@gmail.com,2013 - 14,9932033787,42789,Riddhi Siddhi,SV Nagar,Latur,,c4ca4238a0b923820dcc509a6f75849b
ABHISHEK,RAJKAPUR,SURYAWANSHI,13-08-1995,131080070,VJ,Electronics,abhishek.suryawanshi38@gmail.com,2013 - 14,9891177230,45545,Riddhi Siddhi,SV Nagar,Latur,,c4ca4238a0b923820dcc509a6f75849b
PRAVIN,SHANKAR,DHURDE,24-08-1995,131080071,OPEN,Electronics,pravin.dhurde35@gmail.com,2013 - 14,9630628797,59834,Gokul Garden,SV Nagar,Akola,,c4ca4238a0b923820dcc509a6f75849b
SHUBHAM,MANOHAR,KATHALKAR,17-11-1995,131080072,OBC,Electronics,shubham.kathalkar57@gmail.com,2013 - 14,9497539397,54873,Gokul Garden,GV Road,Kolhapur,,c4ca4238a0b923820dcc509a6f75849b
ATUL,BHUSHAN,NAGARKAR,09-02-1995,131080073,SC,Electrical,atul.nagarkar20@gmail.com,2013 - 14,9159249323,42789,Riddhi Siddhi,Gandhidham,Nashik,,c4ca4238a0b923820dcc509a6f75849b
JAHANGIR,KHAN,ABRAR,05-02-1995,131080074,SC,Electrical,jahangir.abrar81@gmail.com,2013 - 14,9127661681,42789,Riddhi Siddhi,Kriti Complex,Akola,,c4ca4238a0b923820dcc509a6f75849b
SAHEBRAO,MALHARRAO,MORE,04-11-1995,131080075,NT,Electrical,sahebrao.more70@gmail.com,2013 - 14,9595292688,50282,Gurukul Heights,GV Road,Kolhapur,,c4ca4238a0b923820dcc509a6f75849b
SUDARSHAN,PANDIT,PANKE,21-01-1995,131080076,VJ,Computers,sudarshan.panke30@gmail.com,2013 - 14,9458690093,45545,Sanskruti,Tilaknagar,Nagpur,,c4ca4238a0b923820dcc509a6f75849b
SHUBHAM,SURESH,DOIPHODE,19-10-1995,131080077,OPEN,Production,shubham.doiphode85@gmail.com,2013 - 14,9927793555,59834,Riddhi Siddhi,Gandhidham,Latur,,c4ca4238a0b923820dcc509a6f75849b
RUTURAJ,PURUSHOTTAM,KAKADE,24-11-1995,131080078,OBC,Textile,ruturaj.kakade34@gmail.com,2013 - 14,8937236461,54873,Gokul Garden,Tilaknagar,Nagpur,,c4ca4238a0b923820dcc509a6f75849b
SAGAR,SURESH,CHAUDHARI,21-11-1995,131080079,ST,Information Technology,sagar.chaudhari72@gmail.com,2013 - 14,9447965037,39928,Gokul Garden,SV Nagar,Latur,,c4ca4238a0b923820dcc509a6f75849b
PRITHVIRAJ,PADMAKAR,PATIL,01-10-1995,131080080,ST,Production,prithviraj.patil21@gmail.com,2013 - 14,9441868855,39928,Sanskruti,GV Road,Latur,,c4ca4238a0b923820dcc509a6f75849b
KUNAL,KHUSHAL,MADAVI,06-10-1995,131080081,NT,Information Technology,kunal.madavi43@gmail.com,2013 - 14,9056564109,50282,Gurukul Heights,GV Road,Nagpur,,c4ca4238a0b923820dcc509a6f75849b
SAGAR,PRAVIN,PATIL,04-09-1995,131080082,NT,Textile,sagar.patil96@gmail.com,2013 - 14,9670619389,50282,Krishnavan,Kriti Complex,Kolhapur,,c4ca4238a0b923820dcc509a6f75849b
RAVIKANT,MALLIKARJUN,BHANDE,04-10-1995,131080083,ST,Textile,ravikant.bhande45@gmail.com,2013 - 14,9666638108,39928,Sanskruti,Kriti Complex,Nashik,,c4ca4238a0b923820dcc509a6f75849b
MANOHAR,DILIPRAO,SHINDE,25-05-1995,131080084,OBC,Textile,manohar.shinde71@gmail.com,2013 - 14,9880037929,54873,Gokul Garden,Tilaknagar,Nashik,,c4ca4238a0b923820dcc509a6f75849b
RUSHIKESH,JAYAWANT,BHOSALE,14-11-1995,131080085,OPEN,Electrical,rushikesh.bhosale32@gmail.com,2013 - 14,9896863006,59834,Krishnavan,Kriti Complex,Latur,,c4ca4238a0b923820dcc509a6f75849b
ABHIJIT,ARUN,MHASKE,26-04-1995,131080086,SC,Electrical,abhijit.mhaske74@gmail.com,2013 - 14,9881217608,42789,Krishnavan,Tilaknagar,Nashik,,c4ca4238a0b923820dcc509a6f75849b
SUSHANT,SUNIL,NAGARGOJE,06-08-1995,131080087,SC,Electrical,sushant.nagargoje71@gmail.com,2013 - 14,9182464716,42789,Riddhi Siddhi,GV Road,Nagpur,,c4ca4238a0b923820dcc509a6f75849b
AMIRSOHAIL,NAIMODDIN,TAMBOLI,02-04-1995,131080088,OPEN,Mechanical,amirsohail.tamboli45@gmail.com,2013 - 14,9513241551,59834,Riddhi Siddhi,SV Nagar,Nagpur,,c4ca4238a0b923820dcc509a6f75849b
RAKESH,PRABHAKAR,GANAPA,13-05-1995,131080089,VJ,Mechanical,rakesh.ganapa18@gmail.com,2013 - 14,8995462124,45545,Krishnavan,Kriti Complex,Akola,,c4ca4238a0b923820dcc509a6f75849b
SHUBHAM,SADASHIV,BARBDE,12-10-1995,131080090,SC,Mechanical,shubham.barbde61@gmail.com,2013 - 14,9229749103,42789,Sanskruti,GV Road,Nashik,,c4ca4238a0b923820dcc509a6f75849b
ABHISHEK,CHANDRAKANT,TIKONE,17-04-1995,131080091,VJ,Mechanical,abhishek.tikone30@gmail.com,2013 - 14,9639421809,45545,Krishnavan,Kriti Complex,Latur,,c4ca4238a0b923820dcc509a6f75849b
ANURAG,VIJAY,JOSHI,15-05-1995,131080092,SC,Production,anurag.joshi53@gmail.com,2013 - 14,9635443270,42789,Krishnavan,Kriti Complex,Kolhapur,,c4ca4238a0b923820dcc509a6f75849b
ROHIT,BHAUSAHEB,KHATKALE,08-10-1995,131080093,OPEN,Production,rohit.khatkale34@gmail.com,2013 - 14,9015222860,59834,Riddhi Siddhi,Kriti Complex,Nagpur,,c4ca4238a0b923820dcc509a6f75849b
PIYUSH,PRAVIN,MHATRE,14-10-1995,131080094,ST,Electronics and Telecommunications,piyush.mhatre15@gmail.com,2013 - 14,9631942809,39928,Riddhi Siddhi,Tilaknagar,Nagpur,,c4ca4238a0b923820dcc509a6f75849b
VAIBHAV,VIJAY,JADHAV,11-10-1995,131080095,ST,Electronics and Telecommunications,vaibhav.jadhav43@gmail.com,2013 - 14,8935864004,39928,Gurukul Heights,Kriti Complex,Latur,,c4ca4238a0b923820dcc509a6f75849b
DEEPAK,HARISHCHANDRA,KHADKE,20-04-1995,131080096,SC,Electronics and Telecommunications,deepak.khadke93@gmail.com,2013 - 14,9068669519,42789,Gurukul Heights,Kriti Complex,Nashik,,c4ca4238a0b923820dcc509a6f75849b
SHUBHAM,RUPSING,RAJPUT,14-07-1995,131080097,OPEN,Computers,shubham.rajput70@gmail.com,2013 - 14,9311018252,59834,Gurukul Heights,GV Road,Latur,,c4ca4238a0b923820dcc509a6f75849b
GIRISH,SHARAD,KOLAPKAR,03-09-1995,131080098,OPEN,Civil,girish.kolapkar15@gmail.com,2013 - 14,9569721889,59834,Sanskruti,GV Road,Nashik,,c4ca4238a0b923820dcc509a6f75849b
SHRIKANT,SARANGDHAR,BHARSAKLE,16-03-1995,131080099,NT,Production,shrikant.bharsakle84@gmail.com,2013 - 14,9540549173,50282,Riddhi Siddhi,Tilaknagar,Nashik,,c4ca4238a0b923820dcc509a6f75849b
VIJAY,DNYANOBA,BHANDARE,15-04-1995,131080100,ST,Information Technology,vijay.bhandare42@gmail.com,2013 - 14,9183390163,39928,Gokul Garden,GV Road,Nashik,,c4ca4238a0b923820dcc509a6f75849b
SHUBHAM,SANTOSH,TAMBI,04-12-1995,131080101,OBC,Information Technology,shubham.tambi44@gmail.com,2013 - 14,8987864734,54873,Riddhi Siddhi,GV Road,Latur,,c4ca4238a0b923820dcc509a6f75849b
AKASH,NAGNATH,PANDE,04-07-1995,131080102,SC,Electronics and Telecommunications,akash.pande37@gmail.com,2013 - 14,9187560930,42789,Sanskruti,Kriti Complex,Latur,,c4ca4238a0b923820dcc509a6f75849b
SHUBHAM,BHALCHANDRA,KHODE,28-05-1995,131080103,OPEN,Electronics and Telecommunications,shubham.khode92@gmail.com,2013 - 14,9566031235,59834,Sanskruti,Tilaknagar,Kolhapur,,c4ca4238a0b923820dcc509a6f75849b
SWAPNIL,RAMDASJI,ZAMBARE,15-06-1995,131080104,VJ,Electronics,swapnil.zambare52@gmail.com,2013 - 14,9197663103,45545,Sanskruti,Tilaknagar,Latur,,c4ca4238a0b923820dcc509a6f75849b
ADESH,PANDURANG,BHOIR,28-06-1995,131080105,OBC,Electronics,adesh.bhoir87@gmail.com,2013 - 14,9399096605,54873,Sanskruti,GV Road,Kolhapur,,c4ca4238a0b923820dcc509a6f75849b
ATUL,PRAKASH,AWCHAR,18-12-1995,131080106,ST,Mechanical,atul.awchar69@gmail.com,2013 - 14,9817794610,39928,Riddhi Siddhi,Tilaknagar,Akola,,c4ca4238a0b923820dcc509a6f75849b
SURAJ,MALLIKARJUN,WALE,21-09-1995,131080107,OBC,Mechanical,suraj.wale69@gmail.com,2013 - 14,8849966453,54873,Gurukul Heights,GV Road,Nashik,,c4ca4238a0b923820dcc509a6f75849b
RAHUL,RAJENDRA,GUNDRE,07-06-1995,131080108,VJ,Mechanical,rahul.gundre58@gmail.com,2013 - 14,9582803347,45545,Sanskruti,Gandhidham,Akola,,c4ca4238a0b923820dcc509a6f75849b
SARTHAK,VIDYASAGAR,JOSHI,09-12-1995,131080109,ST,Textile,sarthak.joshi84@gmail.com,2013 - 14,9410549878,39928,Sanskruti,Gandhidham,Latur,,c4ca4238a0b923820dcc509a6f75849b
AKSHAY,RAMESH,JADHAV,19-12-1995,131080110,VJ,Textile,akshay.jadhav18@gmail.com,2013 - 14,9678629538,45545,Gokul Garden,SV Nagar,Latur,,c4ca4238a0b923820dcc509a6f75849b
HARSHAL,SUBHASH,NIL,14-01-1995,131080111,OBC,Mechanical,harshal.nil93@gmail.com,2013 - 14,9485088285,54873,Krishnavan,Kriti Complex,Latur,,c4ca4238a0b923820dcc509a6f75849b
RISHABH,SURINDER,MISRI,26-10-1995,131080112,NT,Mechanical,rishabh.misri59@gmail.com,2013 - 14,9610667355,50282,Krishnavan,Tilaknagar,Nagpur,,c4ca4238a0b923820dcc509a6f75849b
VIKAS,BALASAHEB,BIRARI,06-01-1995,131080113,VJ,Civil,vikas.birari15@gmail.com,2013 - 14,9121596187,45545,Gokul Garden,Kriti Complex,Kolhapur,,c4ca4238a0b923820dcc509a6f75849b
PRASAD,SHIVAJIRAO,CHAME,02-03-1995,131080114,OPEN,Civil,prasad.chame50@gmail.com,2013 - 14,9435040355,59834,Gokul Garden,Tilaknagar,Kolhapur,,c4ca4238a0b923820dcc509a6f75849b
AKSHAY,MAHESHRAO,GHOLAP,20-01-1995,131080115,SC,Civil,akshay.gholap51@gmail.com,2013 - 14,9384249920,42789,Krishnavan,Kriti Complex,Kolhapur,,c4ca4238a0b923820dcc509a6f75849b
AKSHAY,SURESHRAO,NANDURKAR,11-02-1995,131080116,OBC,Civil,akshay.nandurkar78@gmail.com,2013 - 14,9077361076,54873,Gurukul Heights,GV Road,Akola,,c4ca4238a0b923820dcc509a6f75849b
PANKAJ,BAJIRAO,KALE,06-10-1995,131080117,SC,Civil,pankaj.kale66@gmail.com,2013 - 14,9488044859,42789,Krishnavan,Kriti Complex,Kolhapur,,c4ca4238a0b923820dcc509a6f75849b
VARAD,ABHAY,DESHPANDE,07-02-1995,131080118,ST,Production,varad.deshpande52@gmail.com,2013 - 14,9627425733,39928,Gurukul Heights,Kriti Complex,Nashik,,c4ca4238a0b923820dcc509a6f75849b
MUKUND,SUNIL,PHAFAT,27-04-1995,131080119,SC,Production,mukund.phafat34@gmail.com,2013 - 14,8921005297,42789,Krishnavan,SV Nagar,Nashik,,c4ca4238a0b923820dcc509a6f75849b
ANKIT,PANKAJ,RAITHATA,16-09-1995,131080120,NT,Production,ankit.raithata54@gmail.com,2013 - 14,9997909401,50282,Krishnavan,Tilaknagar,Nagpur,,c4ca4238a0b923820dcc509a6f75849b
PRASHIK,R.,HANDE,14-12-1995,131080121,OPEN,Computers,prashik.hande77@gmail.com,2013 - 14,9736646976,59834,Gokul Garden,GV Road,Kolhapur,,c4ca4238a0b923820dcc509a6f75849b
SAGAR,KISANSING,GAIRWAR,24-02-1995,131080122,SC,Computers,sagar.gairwar49@gmail.com,2013 - 14,9893480689,42789,Sanskruti,Kriti Complex,Akola,,c4ca4238a0b923820dcc509a6f75849b
SANDIP,S.,KARHADE,13-03-1995,131080123,OBC,Civil,sandip.karhade42@gmail.com,2013 - 14,9576563298,54873,Riddhi Siddhi,Tilaknagar,Latur,,c4ca4238a0b923820dcc509a6f75849b
NITIN,GANGADHAR,PUKE,02-07-1995,131080124,NT,Mechanical,nitin.puke73@gmail.com,2013 - 14,9198772477,50282,Sanskruti,Gandhidham,Nashik,,c4ca4238a0b923820dcc509a6f75849b
NIRAJ,ANIL,BARHATE,20-08-1995,131080125,SC,Textile,niraj.barhate26@gmail.com,2013 - 14,9118929051,42789,Krishnavan,SV Nagar,Nashik,,c4ca4238a0b923820dcc509a6f75849b
SADASHIV,SOPAN,KOLEKAR,16-10-1995,131080126,SC,Mechanical,sadashiv.kolekar78@gmail.com,2013 - 14,9662342385,42789,Riddhi Siddhi,Kriti Complex,Akola,,c4ca4238a0b923820dcc509a6f75849b
CHINMAY,R.,PATIL,28-06-1995,131080127,SC,Computers,chinmay.patil63@gmail.com,2013 - 14,9884252740,42789,Gokul Garden,Kriti Complex,Nashik,,c4ca4238a0b923820dcc509a6f75849b
PRASHIL,DINKAR,PATIL,05-09-1995,131080128,OPEN,Textile,prashil.patil25@gmail.com,2013 - 14,9099888176,59834,Sanskruti,Gandhidham,Akola,,c4ca4238a0b923820dcc509a6f75849b
VIVEK,B.,RATHOD,03-02-1995,131080129,OBC,Information Technology,vivek.rathod63@gmail.com,2013 - 14,9652635281,54873,Krishnavan,GV Road,Latur,,c4ca4238a0b923820dcc509a6f75849b
HRUSHIKESH,SANJAY,CHAUDHARI,20-04-1996,141080000,OBC,Electrical,hrushikesh.chaudhari25@gmail.com,2014 - 15,8944285761,54873,Sanskruti,Gandhidham,Kolhapur,,c4ca4238a0b923820dcc509a6f75849b
HRUSHIKESH,RAJESH,AMBAVANE,11-04-1996,141080001,OBC,Civil,hrushikesh.ambavane33@gmail.com,2014 - 15,9943008434,54873,Sanskruti,Gandhidham,Akola,,c4ca4238a0b923820dcc509a6f75849b
KIRAN,U.,PATYEKAR,14-04-1996,141080002,OPEN,Civil,kiran.patyekar19@gmail.com,2014 - 15,8976358091,59834,Gurukul Heights,SV Nagar,Akola,,c4ca4238a0b923820dcc509a6f75849b
RAJAT,MAROTRAO,BELKHUDE,14-10-1996,141080003,VJ,Production,rajat.belkhude54@gmail.com,2014 - 15,9871625822,45545,Sanskruti,SV Nagar,Nashik,,c4ca4238a0b923820dcc509a6f75849b
ASHWIN,ASARAM,KRIPAN,12-12-1996,141080004,OPEN,Production,ashwin.kripan17@gmail.com,2014 - 15,9497224226,59834,Gokul Garden,SV Nagar,Nashik,,c4ca4238a0b923820dcc509a6f75849b
PRATIK,VIJAY,PATIL,09-04-1996,141080005,OBC,Computers,pratik.patil54@gmail.com,2014 - 15,9130922988,54873,Gokul Garden,Kriti Complex,Akola,,c4ca4238a0b923820dcc509a6f75849b
VIKRAM,RAMKISHAN,HAIBATE,14-05-1996,141080006,OPEN,Computers,vikram.haibate27@gmail.com,2014 - 15,9631859979,59834,Krishnavan,Kriti Complex,Kolhapur,,c4ca4238a0b923820dcc509a6f75849b
ANAND,VIKAS,SONAWANE,12-07-1996,141080007,VJ,Computers,anand.sonawane83@gmail.com,2014 - 15,9953349765,45545,Sanskruti,SV Nagar,Akola,,c4ca4238a0b923820dcc509a6f75849b
SHRIRAM,DHANAJI,BIRADAR,09-06-1996,141080008,ST,Civil,shriram.biradar89@gmail.com,2014 - 15,8823984942,39928,Krishnavan,Gandhidham,Latur,,c4ca4238a0b923820dcc509a6f75849b
VINAY,VIJAY,LANJEWAR,05-12-1996,141080009,OBC,Electrical,vinay.lanjewar62@gmail.com,2014 - 15,9053126924,54873,Gokul Garden,GV Road,Akola,,c4ca4238a0b923820dcc509a6f75849b
BHAVESH,KALYANRAO,DEORE,20-08-1996,141080010,SC,Information Technology,bhavesh.deore89@gmail.com,2014 - 15,8831183635,42789,Krishnavan,GV Road,Latur,,c4ca4238a0b923820dcc509a6f75849b
SHUBHAM,RAMBHAU,GAWANDE,25-06-1996,141080011,OPEN,Textile,shubham.gawande87@gmail.com,2014 - 15,8937837964,59834,Sanskruti,SV Nagar,Kolhapur,,c4ca4238a0b923820dcc509a6f75849b
AKSHAY,PRAKASH,HOLEY,21-07-1996,141080012,OBC,Electrical,akshay.holey70@gmail.com,2014 - 15,9357953333,54873,Riddhi Siddhi,Tilaknagar,Kolhapur,,c4ca4238a0b923820dcc509a6f75849b
AMIT,GOKUL,LOKARE,24-03-1996,141080013,OPEN,Electronics,amit.lokare81@gmail.com,2014 - 15,9432496901,59834,Riddhi Siddhi,Tilaknagar,Nagpur,,c4ca4238a0b923820dcc509a6f75849b
SUNIL,BALASAHEB,MALI,12-12-1996,141080014,ST,Electronics,sunil.mali50@gmail.com,2014 - 15,8928032927,39928,Krishnavan,Tilaknagar,Akola,,c4ca4238a0b923820dcc509a6f75849b
KALPAK,MANOHAR,KHATGAONKAR,07-12-1996,141080015,ST,Electronics and Telecommunications,kalpak.khatgaonkar70@gmail.com,2014 - 15,8840361951,39928,Sanskruti,SV Nagar,Latur,,c4ca4238a0b923820dcc509a6f75849b
KILAS,LAXMAN,PURI,21-01-1996,141080016,OBC,Electronics,kilas.puri82@gmail.com,2014 - 15,9039803214,54873,Sanskruti,GV Road,Akola,,c4ca4238a0b923820dcc509a6f75849b
MOHIT,PRADEEP,JAJU,16-01-1996,141080017,OBC,Electronics and Telecommunications,mohit.jaju38@gmail.com,2014 - 15,9248840549,54873,Riddhi Siddhi,Gandhidham,Nagpur,,c4ca4238a0b923820dcc509a6f75849b
VIVEK,SUDHAKAR,AJAGE,18-12-1996,141080018,OBC,Electronics,vivek.ajage38@gmail.com,2014 - 15,9890223641,54873,Sanskruti,SV Nagar,Kolhapur,,c4ca4238a0b923820dcc509a6f75849b
PRASAD,HANUMANT,RAUT,21-02-1996,141080019,OBC,Electronics and Telecommunications,prasad.raut26@gmail.com,2014 - 15,9754817937,54873,Gokul Garden,Tilaknagar,Kolhapur,,c4ca4238a0b923820dcc509a6f75849b
HEMANT,RAJENDRA,JAIN,26-09-1996,141080020,OPEN,Electronics,hemant.jain39@gmail.com,2014 - 15,9135209242,59834,Krishnavan,GV Road,Nashik,,c4ca4238a0b923820dcc509a6f75849b
RISHIKESH,DEVIDAS,PATIL,12-03-1996,141080021,ST,Electronics,rishikesh.patil19@gmail.com,2014 - 15,9186082263,39928,Krishnavan,GV Road,Nagpur,,c4ca4238a0b923820dcc509a6f75849b
ROHAN,NITIN,DEORE,02-12-1996,141080022,ST,Production,rohan.deore62@gmail.com,2014 - 15,9176451779,39928,Riddhi Siddhi,GV Road,Nagpur,,c4ca4238a0b923820dcc509a6f75849b
HIMANSHU,PRAVIN,JAISWAL,26-12-1996,141080023,OBC,Civil,himanshu.jaiswal24@gmail.com,2014 - 15,9248877114,54873,Gokul Garden,Kriti Complex,Kolhapur,,c4ca4238a0b923820dcc509a6f75849b
SHUBHAM,DNYANESHWAR,SURYAWANSHI,07-03-1996,141080024,VJ,Civil,shubham.suryawanshi51@gmail.com,2014 - 15,9555439050,45545,Sanskruti,Kriti Complex,Akola,,c4ca4238a0b923820dcc509a6f75849b
ROHIT,DNYANESHWAR,CHIMATE,08-09-1996,141080025,OPEN,Electrical,rohit.chimate70@gmail.com,2014 - 15,9649540341,59834,Gurukul Heights,SV Nagar,Latur,,c4ca4238a0b923820dcc509a6f75849b
PRADIPKUMAR,RAMDAS,MORE,03-07-1996,141080026,NT,Electronics and Telecommunications,pradipkumar.more30@gmail.com,2014 - 15,8851125793,50282,Krishnavan,Tilaknagar,Nashik,,c4ca4238a0b923820dcc509a6f75849b
GANESH,RAMRAO,CHAINPURE,25-06-1996,141080027,VJ,Electronics and Telecommunications,ganesh.chainpure56@gmail.com,2014 - 15,8981885356,45545,Riddhi Siddhi,GV Road,Nashik,,c4ca4238a0b923820dcc509a6f75849b
MAHENDRA,RAVINDRA,BENDALE,17-02-1996,141080028,SC,Electronics,mahendra.bendale78@gmail.com,2014 - 15,9446198830,42789,Riddhi Siddhi,Tilaknagar,Latur,,c4ca4238a0b923820dcc509a6f75849b
DEVESH,SATTATRAY,DHAPASHI,09-05-1996,141080029,ST,Mechanical,devesh.dhapashi73@gmail.com,2014 - 15,9677118027,39928,Riddhi Siddhi,GV Road,Kolhapur,,c4ca4238a0b923820dcc509a6f75849b
MUKUL,GHANASHAM,CHAUDHARI,24-05-1996,141080030,ST,Electrical,mukul.chaudhari89@gmail.com,2014 - 15,9325639533,39928,Riddhi Siddhi,Kriti Complex,Nashik,,c4ca4238a0b923820dcc509a6f75849b
SHAILESH,DINKAR,MADAKE,01-12-1996,141080031,NT,Mechanical,shailesh.madake77@gmail.com,2014 - 15,9475584991,50282,Krishnavan,Gandhidham,Akola,,c4ca4238a0b923820dcc509a6f75849b
MANISH,VILAS,BHOLE,06-06-1996,141080032,OPEN,Mechanical,manish.bhole83@gmail.com,2014 - 15,8939788701,59834,Gurukul Heights,Kriti Complex,Nashik,,c4ca4238a0b923820dcc509a6f75849b
SUSHANT,HANUMANTRAO,SHIVANKAR,12-06-1996,141080033,OPEN,Mechanical,sushant.shivankar35@gmail.com,2014 - 15,8913460896,59834,Sanskruti,GV Road,Nashik,,c4ca4238a0b923820dcc509a6f75849b
YASH,PANDURANG,WAGHMODE,05-11-1996,141080034,ST,Textile,yash.waghmode89@gmail.com,2014 - 15,9594490309,39928,Gurukul Heights,Gandhidham,Akola,,c4ca4238a0b923820dcc509a6f75849b
AJINKYA,BHARAT,JADHAV,17-12-1996,141080035,VJ,Textile,ajinkya.jadhav50@gmail.com,2014 - 15,9649731030,45545,Krishnavan,Tilaknagar,Nagpur,,c4ca4238a0b923820dcc509a6f75849b
BHUSHAN,UGAMRAJ,PIPADA,26-05-1996,141080036,SC,Production,bhushan.pipada34@gmail.com,2014 - 15,8824478898,42789,Krishnavan,GV Road,Kolhapur,,c4ca4238a0b923820dcc509a6f75849b
SHUBHAM,DILIP,MAHAJAN,23-12-1996,141080037,VJ,Textile,shubham.mahajan59@gmail.com,2014 - 15,9322361322,45545,Riddhi Siddhi,SV Nagar,Nagpur,,c4ca4238a0b923820dcc509a6f75849b
RAJAT,JAGDIDH,GIRNIWALE,24-06-1996,141080038,SC,Production,rajat.girniwale24@gmail.com,2014 - 15,9286793389,42789,Gurukul Heights,Kriti Complex,Kolhapur,,c4ca4238a0b923820dcc509a6f75849b
RAM,SURESH,PARYANI,02-03-1996,141080039,OPEN,Production,ram.paryani27@gmail.com,2014 - 15,8893539463,59834,Gurukul Heights,Gandhidham,Akola,,c4ca4238a0b923820dcc509a6f75849b
ROHAN,LAXMAN,CHALWADI,12-10-1996,141080040,SC,Production,rohan.chalwadi43@gmail.com,2014 - 15,9088678310,42789,Riddhi Siddhi,Tilaknagar,Nagpur,,c4ca4238a0b923820dcc509a6f75849b
AKSHAYKUMAR,PAVANKUMAR,MALPANI,16-08-1996,141080041,OBC,Production,akshaykumar.malpani49@gmail.com,2014 - 15,8922808213,54873,Krishnavan,GV Road,Nagpur,,c4ca4238a0b923820dcc509a6f75849b
CHAITNYA,DIGAMBAR,REKHI,22-01-1996,141080042,VJ,Production,chaitnya.rekhi61@gmail.com,2014 - 15,9943526491,45545,Gokul Garden,Kriti Complex,Latur,,c4ca4238a0b923820dcc509a6f75849b
ASHWIN,SHIVHARI,JOHARI,05-04-1996,141080043,NT,Production,ashwin.johari74@gmail.com,2014 - 15,9537376513,50282,Krishnavan,SV Nagar,Akola,,c4ca4238a0b923820dcc509a6f75849b
SHASHANK,JAYPRAKASH,BONDRE,26-10-1996,141080044,VJ,Textile,shashank.bondre22@gmail.com,2014 - 15,9241324227,45545,Riddhi Siddhi,GV Road,Akola,,c4ca4238a0b923820dcc509a6f75849b
SHIVRAJ,RAJENDRA,PAWAR,25-01-1996,141080045,OPEN,Production,shivraj.pawar92@gmail.com,2014 - 15,9584947457,59834,Krishnavan,SV Nagar,Nagpur,,c4ca4238a0b923820dcc509a6f75849b
PRAFUL,BHASKAR,KHOBRAGADE,06-02-1996,141080046,SC,Electronics,praful.khobragade43@gmail.com,2014 - 15,9417374916,42789,Gokul Garden,Tilaknagar,Nashik,,c4ca4238a0b923820dcc509a6f75849b
AJINKYA,BHARAT,PALWE,16-01-1996,141080047,OPEN,Electronics and Telecommunications,ajinkya.palwe75@gmail.com,2014 - 15,9256768558,59834,Riddhi Siddhi,Kriti Complex,Nagpur,,c4ca4238a0b923820dcc509a6f75849b
SAGAR,RAJENDRAKUMAR,MEHTA,01-06-1996,141080048,OBC,Mechanical,sagar.mehta43@gmail.com,2014 - 15,9594949344,54873,Gurukul Heights,Tilaknagar,Nashik,,c4ca4238a0b923820dcc509a6f75849b
ANKIT,ANIL,CHAUDHARI,22-09-1996,141080049,SC,Civil,ankit.chaudhari88@gmail.com,2014 - 15,8832297743,42789,Gokul Garden,Gandhidham,Kolhapur,,c4ca4238a0b923820dcc509a6f75849b
AKSHAY,UMESH,SHAH,23-07-1996,141080050,SC,Civil,akshay.shah81@gmail.com,2014 - 15,9719371273,42789,Gokul Garden,GV Road,Nashik,,c4ca4238a0b923820dcc509a6f75849b
KSHITIJ,,AGRAWAL,16-01-1996,141080051,SC,Electrical,kshitij.agrawal74@gmail.com,2014 - 15,9487125850,42789,Gokul Garden,Kriti Complex,Nashik,,c4ca4238a0b923820dcc509a6f75849b
ANURAG,AVADHUT,JOSHI,08-02-1996,141080052,ST,Production,anurag.joshi79@gmail.com,2014 - 15,8940124356,39928,Gurukul Heights,SV Nagar,Akola,,c4ca4238a0b923820dcc509a6f75849b
SHRIRAM,UTTAM,NADE,28-03-1996,141080053,OBC,Electrical,shriram.nade81@gmail.com,2014 - 15,8956925374,54873,Riddhi Siddhi,Tilaknagar,Akola,,c4ca4238a0b923820dcc509a6f75849b
MANOJ,BHANUDAS,KHARDE,08-12-1996,141080054,OBC,Civil,manoj.kharde61@gmail.com,2014 - 15,9716876073,54873,Gurukul Heights,GV Road,Kolhapur,,c4ca4238a0b923820dcc509a6f75849b
PALASH,DINESHKUMAR,AGRAWAL,20-09-1996,141080055,ST,Civil,palash.agrawal22@gmail.com,2014 - 15,9225513162,39928,Sanskruti,Gandhidham,Latur,,c4ca4238a0b923820dcc509a6f75849b
PARIKSHIT,RAJIV,DESHMUKH,10-06-1996,141080056,ST,Civil,parikshit.deshmukh77@gmail.com,2014 - 15,9150463236,39928,Sanskruti,GV Road,Akola,,c4ca4238a0b923820dcc509a6f75849b
ROHAN,DEEPAK,VELHAL,01-08-1996,141080057,ST,Electrical,rohan.velhal25@gmail.com,2014 - 15,9669069622,39928,Gokul Garden,Gandhidham,Nashik,,c4ca4238a0b923820dcc509a6f75849b
PRASHANT,ANKUSH,DARADE,03-06-1996,141080058,VJ,Civil,prashant.darade50@gmail.com,2014 - 15,9218264964,45545,Gurukul Heights,Kriti Complex,Nagpur,,c4ca4238a0b923820dcc509a6f75849b
KAUSHAL,PRADIP,BHANUSHALI,20-03-1996,141080059,OBC,Electrical,kaushal.bhanushali60@gmail.com,2014 - 15,8847834664,54873,Gurukul Heights,SV Nagar,Kolhapur,,c4ca4238a0b923820dcc509a6f75849b
TUFANKUMAR,BALINDRA,PRASAD,17-07-1996,141080060,NT,Electrical,tufankumar.prasad28@gmail.com,2014 - 15,9025617961,50282,Sanskruti,SV Nagar,Kolhapur,,c4ca4238a0b923820dcc509a6f75849b
MOHITRANA,MAHENDRASINGH,SISODIYA,24-06-1996,141080061,SC,Electrical,mohitrana.sisodiya26@gmail.com,2014 - 15,9382607075,42789,Krishnavan,Kriti Complex,Akola,,c4ca4238a0b923820dcc509a6f75849b
KIRAN,DADARAO,BUTKARE,13-02-1996,141080062,OPEN,Electronics and Telecommunications,kiran.butkare22@gmail.com,2014 - 15,9644034896,59834,Sanskruti,Gandhidham,Kolhapur,,c4ca4238a0b923820dcc509a6f75849b
PRASHANT,ANKUSH,SANAP,12-01-1996,141080063,ST,Electrical,prashant.sanap92@gmail.com,2014 - 15,8991205475,39928,Gurukul Heights,Kriti Complex,Kolhapur,,c4ca4238a0b923820dcc509a6f75849b
SAGAR,ASHRU,SABLE,24-11-1996,141080064,OPEN,Information Technology,sagar.sable78@gmail.com,2014 - 15,9366728485,59834,Sanskruti,Tilaknagar,Latur,,c4ca4238a0b923820dcc509a6f75849b
PARIMAL,DIWAKAR,KORDE,20-08-1996,141080065,OBC,Electrical,parimal.korde62@gmail.com,2014 - 15,9342407218,54873,Riddhi Siddhi,Kriti Complex,Akola,,c4ca4238a0b923820dcc509a6f75849b
SUMIT,TUKARAMJI,DAWARE,09-01-1996,141080066,NT,Electrical,sumit.daware78@gmail.com,2014 - 15,9991071065,50282,Krishnavan,Kriti Complex,Kolhapur,,c4ca4238a0b923820dcc509a6f75849b
LALIT,DILIP,DESALE,18-02-1996,141080067,ST,Electrical,lalit.desale57@gmail.com,2014 - 15,9868695714,39928,Krishnavan,SV Nagar,Kolhapur,,c4ca4238a0b923820dcc509a6f75849b
AKHIL,SHASHIKANT,WASNIK,15-09-1996,141080068,VJ,Electronics,akhil.wasnik40@gmail.com,2014 - 15,9691403994,45545,Gokul Garden,Gandhidham,Nashik,,c4ca4238a0b923820dcc509a6f75849b
PRANAV,SHASHIKANT,WASNIK,22-03-1996,141080069,ST,Electronics and Telecommunications,pranav.wasnik70@gmail.com,2014 - 15,9243920555,39928,Gurukul Heights,GV Road,Latur,,c4ca4238a0b923820dcc509a6f75849b
OMKAR,RAVINDRA,SHIRTODE,22-12-1996,141080070,NT,Electronics,omkar.shirtode48@gmail.com,2014 - 15,9161432730,50282,Gokul Garden,Kriti Complex,Akola,,c4ca4238a0b923820dcc509a6f75849b
KETAN,DOMAJI,VIJAYKAR,24-09-1996,141080071,ST,Information Technology,ketan.vijaykar23@gmail.com,2014 - 15,9190272116,39928,Gokul Garden,Kriti Complex,Nashik,,c4ca4238a0b923820dcc509a6f75849b
AKSHAY,RAJENDRA,KHAIRKAR,06-12-1996,141080072,OBC,Information Technology,akshay.khairkar50@gmail.com,2014 - 15,9824215299,54873,Krishnavan,Kriti Complex,Kolhapur,,c4ca4238a0b923820dcc509a6f75849b
SACHIN,HARPAL,RAUT,04-04-1996,141080073,SC,Electrical,sachin.raut22@gmail.com,2014 - 15,9848482241,42789,Sanskruti,Tilaknagar,Akola,,c4ca4238a0b923820dcc509a6f75849b
PRANIT,LAWKUSH,KHADILKAR,22-08-1996,141080074,OBC,Electronics and Telecommunications,pranit.khadilkar94@gmail.com,2014 - 15,9237756325,54873,Gokul Garden,SV Nagar,Akola,,c4ca4238a0b923820dcc509a6f75849b
JITESH,ANIL,ZOPE,16-05-1996,141080075,OBC,Electronics and Telecommunications,jitesh.zope94@gmail.com,2014 - 15,9238174525,54873,Gurukul Heights,Kriti Complex,Latur,,c4ca4238a0b923820dcc509a6f75849b
SATISH,MAROTIRAO,PATIL,20-06-1996,141080076,ST,Electronics and Telecommunications,satish.patil68@gmail.com,2014 - 15,9958421413,39928,Gokul Garden,Gandhidham,Akola,,c4ca4238a0b923820dcc509a6f75849b
OMKAR,PRAKASH,JOSHI,25-03-1996,141080077,OPEN,Electrical,omkar.joshi94@gmail.com,2014 - 15,8869615509,59834,Gurukul Heights,Tilaknagar,Latur,,c4ca4238a0b923820dcc509a6f75849b
SHEKHAR,NILESH,WAGH,15-11-1996,141080078,SC,Production,shekhar.wagh66@gmail.com,2014 - 15,8883888811,42789,Krishnavan,Tilaknagar,Kolhapur,,c4ca4238a0b923820dcc509a6f75849b
NEERAJ,SHASHANK,KULKARNI,02-06-1996,141080079,OBC,Production,neeraj.kulkarni92@gmail.com,2014 - 15,9395356482,54873,Gurukul Heights,Gandhidham,Nashik,,c4ca4238a0b923820dcc509a6f75849b
AJINKYA,SUBHASH,KHEDEKAR,10-11-1996,141080080,VJ,Mechanical,ajinkya.khedekar79@gmail.com,2014 - 15,8932908425,45545,Gokul Garden,Kriti Complex,Nashik,,c4ca4238a0b923820dcc509a6f75849b
SHUBHAM,ONKAR,PURI,13-10-1996,141080081,OBC,Civil,shubham.puri28@gmail.com,2014 - 15,9444977128,54873,Sanskruti,SV Nagar,Akola,,c4ca4238a0b923820dcc509a6f75849b
AJAY,NARAYAN,WAYAL,23-12-1996,141080082,NT,Information Technology,ajay.wayal79@gmail.com,2014 - 15,8957617082,50282,Riddhi Siddhi,Gandhidham,Nagpur,,c4ca4238a0b923820dcc509a6f75849b
PRAVIN,TATERAO,WAGHE,22-02-1996,141080083,NT,Mechanical,pravin.waghe74@gmail.com,2014 - 15,9573340095,50282,Sanskruti,Tilaknagar,Kolhapur,,c4ca4238a0b923820dcc509a6f75849b
ONKAR,PANDHARI,MAMILWAD,22-09-1996,141080084,OPEN,Electronics and Telecommunications,onkar.mamilwad47@gmail.com,2014 - 15,9357409389,59834,Gurukul Heights,Tilaknagar,Kolhapur,,c4ca4238a0b923820dcc509a6f75849b
MALHAR,MILIND,KACHARE,12-08-1996,141080085,ST,Civil,malhar.kachare39@gmail.com,2014 - 15,9968393450,39928,Riddhi Siddhi,GV Road,Nagpur,,c4ca4238a0b923820dcc509a6f75849b
PRABHAKAR,RAMNAYAN,GIRI,26-05-1996,141080086,VJ,Civil,prabhakar.giri28@gmail.com,2014 - 15,9981620937,45545,Sanskruti,SV Nagar,Latur,,c4ca4238a0b923820dcc509a6f75849b
AMBADAS,DEORAM,WAGHMARE,17-05-1996,141080087,OPEN,Civil,ambadas.waghmare65@gmail.com,2014 - 15,8862168406,59834,Sanskruti,SV Nagar,Akola,,c4ca4238a0b923820dcc509a6f75849b
SHRIYASH,SHANKAR,KHOT,27-01-1996,141080088,SC,Production,shriyash.khot51@gmail.com,2014 - 15,9720088893,42789,Gurukul Heights,GV Road,Latur,,c4ca4238a0b923820dcc509a6f75849b
SIRHAN,ZAKIR,SAYYAD,02-06-1996,141080089,VJ,Mechanical,sirhan.sayyad76@gmail.com,2014 - 15,9690427997,45545,Sanskruti,SV Nagar,Akola,,c4ca4238a0b923820dcc509a6f75849b
NIRAJ,VIJAY,PATIL,21-05-1996,141080090,OBC,Electrical,niraj.patil22@gmail.com,2014 - 15,9646189466,54873,Gurukul Heights,Tilaknagar,Akola,,c4ca4238a0b923820dcc509a6f75849b
SAURABH,DEEPAK,HAMBARDIKAR,16-05-1996,141080091,NT,Production,saurabh.hambardikar29@gmail.com,2014 - 15,8950208207,50282,Gurukul Heights,Tilaknagar,Nashik,,c4ca4238a0b923820dcc509a6f75849b
ROHIT,RAJENDRA,KALMEGH,07-05-1996,141080092,ST,Textile,rohit.kalmegh55@gmail.com,2014 - 15,9390729041,39928,Gokul Garden,Gandhidham,Kolhapur,,c4ca4238a0b923820dcc509a6f75849b
SAURABH,RAJESH,SONI,12-05-1996,141080093,ST,Production,saurabh.soni52@gmail.com,2014 - 15,9086888643,39928,Sanskruti,Tilaknagar,Akola,,c4ca4238a0b923820dcc509a6f75849b
SHUBHAM,PRAMOD,BOOB,18-03-1996,141080094,NT,Computers,shubham.boob47@gmail.com,2014 - 15,8883922444,50282,Gokul Garden,GV Road,Nagpur,,c4ca4238a0b923820dcc509a6f75849b
NINAD,RUPRAO,NERKAR,28-01-1996,141080095,NT,Textile,ninad.nerkar27@gmail.com,2014 - 15,8828485155,50282,Gokul Garden,Kriti Complex,Nagpur,,c4ca4238a0b923820dcc509a6f75849b
NIDHIT,ASHOK,PIMPALE,12-11-1996,141080096,ST,Computers,nidhit.pimpale27@gmail.com,2014 - 15,9030068297,39928,Riddhi Siddhi,Kriti Complex,Kolhapur,,c4ca4238a0b923820dcc509a6f75849b
CHAITANYA,SANJAY,MAHAJAN,25-09-1996,141080097,SC,Computers,chaitanya.mahajan36@gmail.com,2014 - 15,9943282544,42789,Riddhi Siddhi,Gandhidham,Kolhapur,,c4ca4238a0b923820dcc509a6f75849b
DHANANJAY,GANGADHAR,NAGARGOJE,14-01-1996,141080098,VJ,Information Technology,dhananjay.nagargoje34@gmail.com,2014 - 15,9948663485,45545,Gurukul Heights,GV Road,Kolhapur,,c4ca4238a0b923820dcc509a6f75849b
KAUSTUBH,SUNIL,PATIL,10-02-1996,141080099,NT,Mechanical,kaustubh.patil35@gmail.com,2014 - 15,9158095003,50282,Sanskruti,Gandhidham,Nashik,,c4ca4238a0b923820dcc509a6f75849b
SANKET,RAJGOPAL,CHANDAK,21-10-1996,141080100,OPEN,Mechanical,sanket.chandak41@gmail.com,2014 - 15,9980610655,59834,Sanskruti,GV Road,Akola,,c4ca4238a0b923820dcc509a6f75849b
SAURABH,RAJENDRA,MARDIKAR,09-09-1996,141080101,SC,Computers,saurabh.mardikar41@gmail.com,2014 - 15,9116786015,42789,Gurukul Heights,SV Nagar,Nagpur,,c4ca4238a0b923820dcc509a6f75849b
SATYAM,ASHOKRAO,AVHAD,16-02-1996,141080102,OPEN,Mechanical,satyam.avhad74@gmail.com,2014 - 15,9326628167,59834,Krishnavan,Gandhidham,Nashik,,c4ca4238a0b923820dcc509a6f75849b
KETAN,SUNIL,MHETRE,08-03-1996,141080103,OPEN,Mechanical,ketan.mhetre18@gmail.com,2014 - 15,8966539767,59834,Sanskruti,GV Road,Nagpur,,c4ca4238a0b923820dcc509a6f75849b
MAYUR,DINKARRAO,DESHMUKH,22-07-1996,141080104,OBC,Electrical,mayur.deshmukh57@gmail.com,2014 - 15,9370376875,54873,Sanskruti,Kriti Complex,Nashik,,c4ca4238a0b923820dcc509a6f75849b
SIDDHESH,RAJENDRA,PARKAR,02-01-1996,141080105,ST,Mechanical,siddhesh.parkar72@gmail.com,2014 - 15,9342100901,39928,Sanskruti,GV Road,Akola,,c4ca4238a0b923820dcc509a6f75849b
SATYAM,BALAJI,MALI,21-04-1996,141080106,OBC,Electronics,satyam.mali28@gmail.com,2014 - 15,9837365319,54873,Gokul Garden,SV Nagar,Nashik,,c4ca4238a0b923820dcc509a6f75849b
SANKET,SUBHASH,GIRI,27-02-1996,141080107,OBC,Electrical,sanket.giri34@gmail.com,2014 - 15,8869507292,54873,Krishnavan,Tilaknagar,Akola,,c4ca4238a0b923820dcc509a6f75849b
TANMAY,MAHENDRA,CHAVHAN,03-10-1996,141080108,OPEN,Electrical,tanmay.chavhan61@gmail.com,2014 - 15,9068081638,59834,Krishnavan,GV Road,Nashik,,c4ca4238a0b923820dcc509a6f75849b
CHETANSING,,AHIRE,28-04-1996,141080109,OPEN,Production,chetansing.ahire56@gmail.com,2014 - 15,9139333648,59834,Sanskruti,Tilaknagar,Nashik,,c4ca4238a0b923820dcc509a6f75849b
KARAN,RAJESHWAR,BHARNE,04-04-1996,141080110,OBC,Textile,karan.bharne45@gmail.com,2014 - 15,9279429322,54873,Gurukul Heights,Tilaknagar,Akola,,c4ca4238a0b923820dcc509a6f75849b
SURAJ,RAMKISAN,SAGAR,17-01-1996,141080111,OPEN,Mechanical,suraj.sagar58@gmail.com,2014 - 15,9317427701,59834,Sanskruti,Kriti Complex,Kolhapur,,c4ca4238a0b923820dcc509a6f75849b
TUSHAR,SANJAY,KULKARNI,18-07-1996,141080112,VJ,Electrical,tushar.kulkarni37@gmail.com,2014 - 15,9155822429,45545,Gurukul Heights,Gandhidham,Nashik,,c4ca4238a0b923820dcc509a6f75849b
SHUBHAM,SUBHASHRAO,ANMULWAR,06-04-1996,141080113,OPEN,Mechanical,shubham.anmulwar72@gmail.com,2014 - 15,9586832697,59834,Gokul Garden,GV Road,Akola,,c4ca4238a0b923820dcc509a6f75849b
SOHAM,ATUL,GANDHI,08-07-1996,141080114,NT,Computers,soham.gandhi23@gmail.com,2014 - 15,9171778763,50282,Krishnavan,Gandhidham,Latur,,c4ca4238a0b923820dcc509a6f75849b
PAVAN,BALIRAM,BIRAJDAR,25-11-1996,141080115,OBC,Computers,pavan.birajdar42@gmail.com,2014 - 15,9060666371,54873,Gurukul Heights,Tilaknagar,Nagpur,,c4ca4238a0b923820dcc509a6f75849b
PRATHAMESH,SUNIL,DAHALE,09-04-1996,141080116,OPEN,Computers,prathamesh.dahale64@gmail.com,2014 - 15,9649009995,59834,Sanskruti,Gandhidham,Kolhapur,,c4ca4238a0b923820dcc509a6f75849b
ROHIT,PADMAKAR,PATIL,12-09-1996,141080117,SC,Computers,rohit.patil33@gmail.com,2014 - 15,9279545580,42789,Riddhi Siddhi,SV Nagar,Latur,,c4ca4238a0b923820dcc509a6f75849b
VYANKATESH,SATISH,KHADAKKAR,28-03-1996,141080118,ST,Information Technology,vyankatesh.khadakkar25@gmail.com,2014 - 15,8916815025,39928,Gokul Garden,Gandhidham,Latur,,c4ca4238a0b923820dcc509a6f75849b
AKASH,JANARDHAN,JANJAL,09-04-1996,141080119,VJ,Computers,akash.janjal38@gmail.com,2014 - 15,8860188168,45545,Sanskruti,Gandhidham,Kolhapur,,c4ca4238a0b923820dcc509a6f75849b
ALFAJ,SHAMSHUDDIN,MUSHRIF,07-02-1996,141080120,VJ,Mechanical,alfaj.mushrif37@gmail.com,2014 - 15,9166637608,45545,Gokul Garden,GV Road,Nashik,,c4ca4238a0b923820dcc509a6f75849b
PRASAD,CHANDRAKANT,GHADASHI,13-02-1996,141080121,OPEN,Mechanical,prasad.ghadashi72@gmail.com,2014 - 15,8931983272,59834,Gurukul Heights,SV Nagar,Akola,,c4ca4238a0b923820dcc509a6f75849b
HRISHIKESH,PANDURANG,DEOKATE,28-05-1996,141080122,SC,Civil,hrishikesh.deokate91@gmail.com,2014 - 15,9946711985,42789,Gokul Garden,SV Nagar,Latur,,c4ca4238a0b923820dcc509a6f75849b
MAHESH,JAYANTRAO,DESHMUKH,12-12-1996,141080123,SC,Electrical,mahesh.deshmukh66@gmail.com,2014 - 15,8810976499,42789,Krishnavan,Tilaknagar,Latur,,c4ca4238a0b923820dcc509a6f75849b
NABAM,HINA,TUKAP,26-10-1996,141080124,ST,Civil,nabam.tukap84@gmail.com,2014 - 15,9268085533,39928,Riddhi Siddhi,Kriti Complex,Kolhapur,,c4ca4238a0b923820dcc509a6f75849b
MAHESH,NAMDEO,WALDE,28-09-1996,141080125,SC,Information Technology,mahesh.walde57@gmail.com,2014 - 15,8932336312,42789,Gokul Garden,SV Nagar,Nagpur,,c4ca4238a0b923820dcc509a6f75849b
ARJUN,VILAS,SHINDE,14-11-1996,141080126,NT,Mechanical,arjun.shinde28@gmail.com,2014 - 15,9678884980,50282,Gokul Garden,Tilaknagar,Nashik,,c4ca4238a0b923820dcc509a6f75849b
SANKET,KHANDU,DHALAPE,24-02-1996,141080127,SC,Mechanical,sanket.dhalape94@gmail.com,2014 - 15,9139948156,42789,Sanskruti,Gandhidham,Latur,,c4ca4238a0b923820dcc509a6f75849b
RISHAB,PRALHAD,DHOKE,08-05-1996,141080128,NT,Computers,rishab.dhoke28@gmail.com,2014 - 15,9338900439,50282,Gurukul Heights,Gandhidham,Nashik,,c4ca4238a0b923820dcc509a6f75849b
AKSHAY,RAMESH,PARTANI,27-06-1996,141080129,VJ,Electrical,akshay.partani45@gmail.com,2014 - 15,9716722815,45545,Gokul Garden,GV Road,Latur,,c4ca4238a0b923820dcc509a6f75849b
SHUBHAM,SHANTARAM,PATIL,06-01-1997,151080000,OBC,Textile,shubham.patil73@gmail.com,2015 - 16,9653500634,54873,Sanskruti,Kriti Complex,Latur,,c4ca4238a0b923820dcc509a6f75849b
DEVESH,NARENDRA,THAKUR,01-08-1997,151080001,OPEN,Textile,devesh.thakur66@gmail.com,2015 - 16,9145203038,59834,Gurukul Heights,GV Road,Nagpur,,c4ca4238a0b923820dcc509a6f75849b
SHUBHAM,PADMAKAR,PATIL,27-11-1997,151080002,SC,Textile,shubham.patil88@gmail.com,2015 - 16,9130255846,42789,Riddhi Siddhi,GV Road,Nashik,,c4ca4238a0b923820dcc509a6f75849b
AKSHAY,SANJAY,CHAUDHARY,22-02-1997,151080003,NT,Production,akshay.chaudhary36@gmail.com,2015 - 16,9120375944,50282,Gokul Garden,Kriti Complex,Kolhapur,,c4ca4238a0b923820dcc509a6f75849b
MAHESH,VILAS,DHAKRAO,02-07-1997,151080004,SC,Textile,mahesh.dhakrao93@gmail.com,2015 - 16,9644872204,42789,Gurukul Heights,Kriti Complex,Kolhapur,,c4ca4238a0b923820dcc509a6f75849b
DHIRAJ,RAVINDRA,GHYARE,16-05-1997,151080005,SC,Electronics,dhiraj.ghyare43@gmail.com,2015 - 16,9517940534,42789,Gurukul Heights,Kriti Complex,Latur,,c4ca4238a0b923820dcc509a6f75849b
RUSHIKESH,SANJAY,MEHTRE,14-10-1997,151080006,OPEN,Electronics and Telecommunications,rushikesh.mehtre76@gmail.com,2015 - 16,9684052002,59834,Sanskruti,SV Nagar,Akola,,c4ca4238a0b923820dcc509a6f75849b
VALMIK,RADHU,GAME,25-03-1997,151080007,ST,Civil,valmik.game48@gmail.com,2015 - 16,9117396173,39928,Riddhi Siddhi,Gandhidham,Latur,,c4ca4238a0b923820dcc509a6f75849b
VISHVAJEET,PRAMODRAO,YEVALE,28-03-1997,151080008,SC,Civil,vishvajeet.yevale19@gmail.com,2015 - 16,8914571557,42789,Gokul Garden,SV Nagar,Kolhapur,,c4ca4238a0b923820dcc509a6f75849b
NIKIT,PRAMOD,GADLINGE,03-11-1997,151080009,NT,Textile,nikit.gadlinge67@gmail.com,2015 - 16,9393465242,50282,Gurukul Heights,Gandhidham,Latur,,c4ca4238a0b923820dcc509a6f75849b
PRATHMESH,DEEPAK,THAKARE,15-05-1997,151080010,VJ,Mechanical,prathmesh.thakare47@gmail.com,2015 - 16,9316626437,45545,Gokul Garden,SV Nagar,Latur,,c4ca4238a0b923820dcc509a6f75849b
HARSHVARDHAN,RAVINDRA,SHINDE,11-11-1997,151080011,ST,Mechanical,harshvardhan.shinde41@gmail.com,2015 - 16,9580148745,39928,Gurukul Heights,GV Road,Nashik,,c4ca4238a0b923820dcc509a6f75849b
SAMEER,GURUNATH,BHOIR,19-04-1997,151080012,NT,Mechanical,sameer.bhoir51@gmail.com,2015 - 16,9879107753,50282,Krishnavan,GV Road,Nashik,,c4ca4238a0b923820dcc509a6f75849b
NIKHIL,DILIP,TEMBURDE,22-02-1997,151080013,SC,Computers,nikhil.temburde87@gmail.com,2015 - 16,9238914279,42789,Sanskruti,Gandhidham,Nagpur,,c4ca4238a0b923820dcc509a6f75849b
PRANAY,RAJA,SAYAM,25-11-1997,151080014,VJ,Computers,pranay.sayam68@gmail.com,2015 - 16,9827609437,45545,Sanskruti,Tilaknagar,Nagpur,,c4ca4238a0b923820dcc509a6f75849b
PRAFULLA,BABURAO,SANGLE,02-02-1997,151080015,OPEN,Computers,prafulla.sangle96@gmail.com,2015 - 16,9677354288,59834,Sanskruti,GV Road,Nashik,,c4ca4238a0b923820dcc509a6f75849b
SUDHANSHU,RAJANNA,BHANDARWAR,16-03-1997,151080016,VJ,Computers,sudhanshu.bhandarwar45@gmail.com,2015 - 16,9150988512,45545,Gokul Garden,GV Road,Kolhapur,,c4ca4238a0b923820dcc509a6f75849b
PRAMOD,AMARARAM,CHOUDHARY,18-10-1997,151080017,VJ,Information Technology,pramod.choudhary31@gmail.com,2015 - 16,9714988697,45545,Gurukul Heights,Kriti Complex,Kolhapur,,c4ca4238a0b923820dcc509a6f75849b
ABHISHEK,DILIP,DUDHAL,23-08-1997,151080018,NT,Information Technology,abhishek.dudhal34@gmail.com,2015 - 16,9619116151,50282,Gokul Garden,SV Nagar,Kolhapur,,c4ca4238a0b923820dcc509a6f75849b
SWAROOP,VIJAYRAO,HOPLE,02-02-1997,151080019,OBC,Information Technology,swaroop.hople37@gmail.com,2015 - 16,9250158931,54873,Krishnavan,GV Road,Kolhapur,,c4ca4238a0b923820dcc509a6f75849b
VASISHT,TARUN,SHENDE,28-10-1997,151080020,OPEN,Information Technology,vasisht.shende33@gmail.com,2015 - 16,9743552365,59834,Gokul Garden,Gandhidham,Akola,,c4ca4238a0b923820dcc509a6f75849b
CHETAN,YOGESHWAR,KALODE,17-02-1997,151080021,ST,Information Technology,chetan.kalode23@gmail.com,2015 - 16,9269612200,39928,Gurukul Heights,Tilaknagar,Nashik,,c4ca4238a0b923820dcc509a6f75849b
KAUSTUBH,PRAMOD,PHULKAR,14-05-1997,151080022,ST,Information Technology,kaustubh.phulkar18@gmail.com,2015 - 16,9995308387,39928,Gokul Garden,SV Nagar,Nagpur,,c4ca4238a0b923820dcc509a6f75849b
DNYANESHWAR,NATHRAO,MUNDHE,10-07-1997,151080023,OPEN,Information Technology,dnyaneshwar.mundhe37@gmail.com,2015 - 16,8933195284,59834,Sanskruti,Gandhidham,Latur,,c4ca4238a0b923820dcc509a6f75849b
SAURABH,BHAUSAHEB,DARGUDE,06-02-1997,151080024,OBC,Information Technology,saurabh.dargude68@gmail.com,2015 - 16,8915205171,54873,Gurukul Heights,GV Road,Akola,,c4ca4238a0b923820dcc509a6f75849b
DEEPAK,GANPATRAO,KATWA,03-03-1997,151080025,SC,Electrical,deepak.katwa31@gmail.com,2015 - 16,9550520442,42789,Riddhi Siddhi,GV Road,Kolhapur,,c4ca4238a0b923820dcc509a6f75849b
KRISHNA,LAXMIKANT,PHUTANE,23-03-1997,151080026,SC,Electrical,krishna.phutane40@gmail.com,2015 - 16,9286360628,42789,Riddhi Siddhi,Kriti Complex,Akola,,c4ca4238a0b923820dcc509a6f75849b
SUMIT,SUKHADEO,THAKARE,28-05-1997,151080027,OPEN,Electrical,sumit.thakare27@gmail.com,2015 - 16,9889553202,59834,Gokul Garden,Gandhidham,Kolhapur,,c4ca4238a0b923820dcc509a6f75849b
KUNAL,LAXMAN,SINKAR,08-05-1997,151080028,ST,Electrical,kunal.sinkar69@gmail.com,2015 - 16,9019947233,39928,Riddhi Siddhi,SV Nagar,Akola,,c4ca4238a0b923820dcc509a6f75849b
ALOK,,SINGH,15-04-1997,151080029,OPEN,Electrical,alok.singh57@gmail.com,2015 - 16,9510405507,59834,Sanskruti,Tilaknagar,Latur,,c4ca4238a0b923820dcc509a6f75849b
SUCHET,CHETAN,BOROLE,16-04-1997,151080030,OBC,Electrical,suchet.borole23@gmail.com,2015 - 16,8915632012,54873,Krishnavan,GV Road,Kolhapur,,c4ca4238a0b923820dcc509a6f75849b
MOHANISH,BARKU,GAIKWAD,21-11-1997,151080031,VJ,Electrical,mohanish.gaikwad71@gmail.com,2015 - 16,9066405029,45545,Gurukul Heights,GV Road,Akola,,c4ca4238a0b923820dcc509a6f75849b
KRISHNA,DATTA,CHUKEWAD,11-11-1997,151080032,VJ,Electrical,krishna.chukewad48@gmail.com,2015 - 16,9395649260,45545,Gokul Garden,GV Road,Latur,,c4ca4238a0b923820dcc509a6f75849b
AJAY,PANDIT,RATHOD,12-02-1997,151080033,SC,Electrical,ajay.rathod79@gmail.com,2015 - 16,9256278796,42789,Gokul Garden,SV Nagar,Nashik,,c4ca4238a0b923820dcc509a6f75849b
PRAMOD,NANA,THITE,25-12-1997,151080034,ST,Electrical,pramod.thite54@gmail.com,2015 - 16,9944195729,39928,Riddhi Siddhi,GV Road,Kolhapur,,c4ca4238a0b923820dcc509a6f75849b
SAGAR,NILAY,MAHAJAN,02-08-1997,151080035,VJ,Electronics,sagar.mahajan31@gmail.com,2015 - 16,9085828042,45545,Riddhi Siddhi,Tilaknagar,Akola,,c4ca4238a0b923820dcc509a6f75849b
PUSHKAR,PUNJAJI,PATIL,16-08-1997,151080036,OBC,Electronics,pushkar.patil22@gmail.com,2015 - 16,8850537165,54873,Gokul Garden,GV Road,Latur,,c4ca4238a0b923820dcc509a6f75849b
GAURAV,PRADEEP,JUMADE,09-09-1997,151080037,OPEN,Electronics,gaurav.jumade76@gmail.com,2015 - 16,9747142703,59834,Krishnavan,Gandhidham,Akola,,c4ca4238a0b923820dcc509a6f75849b
SAGAR,TULSHIRAM,DHURDE,18-07-1997,151080038,SC,Electronics,sagar.dhurde24@gmail.com,2015 - 16,9484756989,42789,Gokul Garden,SV Nagar,Latur,,c4ca4238a0b923820dcc509a6f75849b
JAYDEEP,RAVINDRA,RADE,28-10-1997,151080039,SC,Electronics,jaydeep.rade74@gmail.com,2015 - 16,9039712956,42789,Gurukul Heights,Kriti Complex,Latur,,c4ca4238a0b923820dcc509a6f75849b
SAUMITRA,SHRIRAM,PADEER,13-08-1997,151080040,ST,Electronics,saumitra.padeer32@gmail.com,2015 - 16,9725153958,39928,Krishnavan,GV Road,Nashik,,c4ca4238a0b923820dcc509a6f75849b
AKASH,LAXMANRAO,LONARKAR,08-12-1997,151080041,NT,Electronics,akash.lonarkar69@gmail.com,2015 - 16,9166281500,50282,Riddhi Siddhi,Tilaknagar,Latur,,c4ca4238a0b923820dcc509a6f75849b
MAHESH,ASHOK,PENTEWAD,24-06-1997,151080042,ST,Electronics,mahesh.pentewad86@gmail.com,2015 - 16,8837199876,39928,Gokul Garden,GV Road,Nashik,,c4ca4238a0b923820dcc509a6f75849b
AKSHAY,MANOJ,ROTE,06-12-1997,151080043,ST,Electronics,akshay.rote51@gmail.com,2015 - 16,9696595937,39928,Sanskruti,GV Road,Nagpur,,c4ca4238a0b923820dcc509a6f75849b
PRAVIN,APPASAHEB,MANE,01-03-1997,151080044,VJ,Electronics,pravin.mane76@gmail.com,2015 - 16,9221632310,45545,Sanskruti,Gandhidham,Akola,,c4ca4238a0b923820dcc509a6f75849b
ANIKET,MADHUKARRAO,POLAWAR,04-12-1997,151080045,ST,Electronics and Telecommunications,aniket.polawar16@gmail.com,2015 - 16,9832817057,39928,Riddhi Siddhi,Tilaknagar,Kolhapur,,c4ca4238a0b923820dcc509a6f75849b
YOGESH,DILIP,BACCHEWAR,25-03-1997,151080046,NT,Electronics and Telecommunications,yogesh.bacchewar74@gmail.com,2015 - 16,8829083159,50282,Gokul Garden,GV Road,Nagpur,,c4ca4238a0b923820dcc509a6f75849b
ABHISHRUT,OMPRAKASH,VAIDYA,12-04-1997,151080047,ST,Electronics and Telecommunications,abhishrut.vaidya23@gmail.com,2015 - 16,9837191133,39928,Gokul Garden,SV Nagar,Nagpur,,c4ca4238a0b923820dcc509a6f75849b
HARSHAL,DAYARAM,BAGUL,10-10-1997,151080048,NT,Electronics and Telecommunications,harshal.bagul87@gmail.com,2015 - 16,9787723723,50282,Krishnavan,GV Road,Akola,,c4ca4238a0b923820dcc509a6f75849b
MANGESH,VIJAY,BOBADE,17-12-1997,151080049,OBC,Textile,mangesh.bobade72@gmail.com,2015 - 16,9192455652,54873,Sanskruti,Tilaknagar,Nagpur,,c4ca4238a0b923820dcc509a6f75849b
SUBAM,,MIGRI,11-07-1997,151080050,OBC,Mechanical,subam.migri43@gmail.com,2015 - 16,9580222318,54873,Riddhi Siddhi,Kriti Complex,Latur,,c4ca4238a0b923820dcc509a6f75849b
PEMA,WANGDI,THONGDOK,26-08-1997,151080051,VJ,Electronics,pema.thongdok54@gmail.com,2015 - 16,9814885707,45545,Krishnavan,SV Nagar,Nagpur,,c4ca4238a0b923820dcc509a6f75849b
SHIVAM,MAHADEORAO,WANKHEDE,19-05-1997,151080052,OPEN,Textile,shivam.wankhede44@gmail.com,2015 - 16,8898598283,59834,Riddhi Siddhi,Gandhidham,Akola,,c4ca4238a0b923820dcc509a6f75849b
PRANAY,ABHAY,JAIN,14-09-1997,151080053,NT,Textile,pranay.jain89@gmail.com,2015 - 16,9360823566,50282,Gurukul Heights,SV Nagar,Kolhapur,,c4ca4238a0b923820dcc509a6f75849b
UTPAL,,KALITA,07-10-1997,151080054,VJ,Textile,utpal.kalita76@gmail.com,2015 - 16,9865393195,45545,Riddhi Siddhi,GV Road,Nagpur,,c4ca4238a0b923820dcc509a6f75849b
ANIKET,SUNIL,GURAV,08-07-1997,151080055,OPEN,Electrical,aniket.gurav62@gmail.com,2015 - 16,9796597717,59834,Sanskruti,SV Nagar,Kolhapur,,c4ca4238a0b923820dcc509a6f75849b
SAKSHAM,SANJAYKUMAR,RAI,04-09-1997,151080056,SC,Textile,saksham.rai27@gmail.com,2015 - 16,9439566339,42789,Krishnavan,GV Road,Nagpur,,c4ca4238a0b923820dcc509a6f75849b
GIRISH,RAJENDRA,MAHAJAN,05-11-1997,151080057,NT,Electrical,girish.mahajan80@gmail.com,2015 - 16,9611445094,50282,Gokul Garden,Kriti Complex,Akola,,c4ca4238a0b923820dcc509a6f75849b
SIDDHARTH,,CHAUHAN,20-03-1997,151080058,NT,Textile,siddharth.chauhan17@gmail.com,2015 - 16,9337376830,50282,Riddhi Siddhi,Gandhidham,Nagpur,,c4ca4238a0b923820dcc509a6f75849b
ABHIJEET,,SINGH,10-01-1997,151080059,OBC,Electrical,abhijeet.singh81@gmail.com,2015 - 16,9960844470,54873,Gokul Garden,SV Nagar,Latur,,c4ca4238a0b923820dcc509a6f75849b
ANMOL,,SINGH,08-11-1997,151080060,NT,Textile,anmol.singh93@gmail.com,2015 - 16,9185176349,50282,Gurukul Heights,Gandhidham,Akola,,c4ca4238a0b923820dcc509a6f75849b
SHAUNAK,SACHIN,BUTALA,03-02-1997,151080061,VJ,Mechanical,shaunak.butala21@gmail.com,2015 - 16,9563504686,45545,Riddhi Siddhi,Tilaknagar,Nashik,,c4ca4238a0b923820dcc509a6f75849b
JAVED,ALI,ANSARI,11-05-1997,151080062,OPEN,Mechanical,javed.ansari52@gmail.com,2015 - 16,9128671128,59834,Riddhi Siddhi,Tilaknagar,Nagpur,,c4ca4238a0b923820dcc509a6f75849b
ANIKET,RAJENDRA,TAGADE,27-12-1997,151080063,VJ,Textile,aniket.tagade66@gmail.com,2015 - 16,9565231246,45545,Gurukul Heights,Gandhidham,Nashik,,c4ca4238a0b923820dcc509a6f75849b
VISHAL,ARJUN,SHEKOKAR,26-08-1997,151080064,ST,Electronics and Telecommunications,vishal.shekokar89@gmail.com,2015 - 16,9248225320,39928,Gokul Garden,SV Nagar,Nagpur,,c4ca4238a0b923820dcc509a6f75849b
PRASHANT,BALAJI,POSHETTI,03-05-1997,151080065,OBC,Electronics and Telecommunications,prashant.poshetti37@gmail.com,2015 - 16,9284234592,54873,Gokul Garden,SV Nagar,Nagpur,,c4ca4238a0b923820dcc509a6f75849b
TUSHAR,BHASKAR,GHULE,02-05-1997,151080066,SC,Electronics and Telecommunications,tushar.ghule18@gmail.com,2015 - 16,9647434352,42789,Krishnavan,GV Road,Nashik,,c4ca4238a0b923820dcc509a6f75849b
PARTH,RAJENDRA,CHOPADE,10-05-1997,151080067,VJ,Electronics and Telecommunications,parth.chopade34@gmail.com,2015 - 16,9457320990,45545,Gokul Garden,SV Nagar,Latur,,c4ca4238a0b923820dcc509a6f75849b
MAHAVIR,SUNIL,KATHED,23-08-1997,151080068,OPEN,Mechanical,mahavir.kathed36@gmail.com,2015 - 16,9075573305,59834,Riddhi Siddhi,Kriti Complex,Latur,,c4ca4238a0b923820dcc509a6f75849b
AGNEY,ANANT,BHAKARE,09-03-1997,151080069,SC,Mechanical,agney.bhakare70@gmail.com,2015 - 16,9132024565,42789,Riddhi Siddhi,GV Road,Akola,,c4ca4238a0b923820dcc509a6f75849b
ATAMJ,BHOJLING,MORE,20-06-1997,151080070,OBC,Mechanical,atamj.more38@gmail.com,2015 - 16,9756835315,54873,Gurukul Heights,GV Road,Akola,,c4ca4238a0b923820dcc509a6f75849b
NIKHIL,ROHIDAS,BHAMARE,26-02-1997,151080071,OPEN,Mechanical,nikhil.bhamare64@gmail.com,2015 - 16,9732191787,59834,Krishnavan,Kriti Complex,Kolhapur,,c4ca4238a0b923820dcc509a6f75849b
ADITYA,VASANT,WAGH,20-02-1997,151080072,OBC,Mechanical,aditya.wagh71@gmail.com,2015 - 16,9341369104,54873,Gokul Garden,SV Nagar,Latur,,c4ca4238a0b923820dcc509a6f75849b
ANKET,SUNIL,TELKAPALLIWAR,03-04-1997,151080073,OPEN,Mechanical,anket.telkapalliwar36@gmail.com,2015 - 16,9312857899,59834,Gurukul Heights,Tilaknagar,Nagpur,,c4ca4238a0b923820dcc509a6f75849b
MOHAMMED,ZAID,SHAIKH,25-09-1997,151080074,OBC,Civil,mohammed.shaikh29@gmail.com,2015 - 16,8882992053,54873,Riddhi Siddhi,SV Nagar,Latur,,c4ca4238a0b923820dcc509a6f75849b
DEVESH,RAMCHANDRA,PATIL,13-06-1997,151080075,ST,Civil,devesh.patil39@gmail.com,2015 - 16,9936298020,39928,Riddhi Siddhi,GV Road,Latur,,c4ca4238a0b923820dcc509a6f75849b
AKSHAY,ARUNRAO,SHINDE,14-09-1997,151080076,NT,Civil,akshay.shinde89@gmail.com,2015 - 16,8984977473,50282,Krishnavan,Kriti Complex,Akola,,c4ca4238a0b923820dcc509a6f75849b
KEDAR,AMBADAS,SHELKE,25-10-1997,151080077,ST,Civil,kedar.shelke48@gmail.com,2015 - 16,9299792089,39928,Riddhi Siddhi,GV Road,Latur,,c4ca4238a0b923820dcc509a6f75849b
PRATHAMESH,U.,ASHTANKAR,07-03-1997,151080078,VJ,Civil,prathamesh.ashtankar88@gmail.com,2015 - 16,8946874093,45545,Gokul Garden,SV Nagar,Kolhapur,,c4ca4238a0b923820dcc509a6f75849b
KARAN,MANOJ,NAWALE,20-11-1997,151080079,OPEN,Civil,karan.nawale29@gmail.com,2015 - 16,9662237457,59834,Gokul Garden,GV Road,Nashik,,c4ca4238a0b923820dcc509a6f75849b
SOURABH,ANIL,NARKHEDKAR,01-06-1997,151080080,ST,Civil,sourabh.narkhedkar57@gmail.com,2015 - 16,9894347596,39928,Sanskruti,Tilaknagar,Latur,,c4ca4238a0b923820dcc509a6f75849b
SUDARSHAN,NIVRUTIRAO,GUTTE,02-08-1997,151080081,ST,Civil,sudarshan.gutte43@gmail.com,2015 - 16,8951527631,39928,Gurukul Heights,GV Road,Kolhapur,,c4ca4238a0b923820dcc509a6f75849b
DHANANJAY,UTTAM,GADE,28-04-1997,151080082,NT,Textile,dhananjay.gade56@gmail.com,2015 - 16,9517861205,50282,Gurukul Heights,GV Road,Akola,,c4ca4238a0b923820dcc509a6f75849b
AMRESH,SANJAY,PATIL,11-05-1997,151080083,VJ,Textile,amresh.patil64@gmail.com,2015 - 16,9956009171,45545,Sanskruti,SV Nagar,Kolhapur,,c4ca4238a0b923820dcc509a6f75849b
KIRAN,PRAKASH,PALHAL,06-09-1997,151080084,ST,Textile,kiran.palhal95@gmail.com,2015 - 16,9659235854,39928,Gurukul Heights,SV Nagar,Kolhapur,,c4ca4238a0b923820dcc509a6f75849b
MAHENDRA,JAGAN,SONARE,10-05-1997,151080085,ST,Civil,mahendra.sonare89@gmail.com,2015 - 16,9589063201,39928,Krishnavan,Kriti Complex,Kolhapur,,c4ca4238a0b923820dcc509a6f75849b
SUMIT,DEEPAK,KALYANKAR,05-02-1997,151080086,SC,Civil,sumit.kalyankar16@gmail.com,2015 - 16,8830663667,42789,Krishnavan,Gandhidham,Latur,,c4ca4238a0b923820dcc509a6f75849b
GOVIND,LAXMAN,VIRKAR,02-11-1997,151080087,NT,Civil,govind.virkar88@gmail.com,2015 - 16,9181989575,50282,Riddhi Siddhi,Tilaknagar,Latur,,c4ca4238a0b923820dcc509a6f75849b
GAURAV,KRISHNA,BHIRUD,05-07-1997,151080088,ST,Electrical,gaurav.bhirud34@gmail.com,2015 - 16,8941235349,39928,Krishnavan,Tilaknagar,Akola,,c4ca4238a0b923820dcc509a6f75849b
ROHAN,PRAKASH,DAGADE,21-03-1997,151080089,VJ,Electrical,rohan.dagade69@gmail.com,2015 - 16,9680925067,45545,Gokul Garden,Kriti Complex,Kolhapur,,c4ca4238a0b923820dcc509a6f75849b
PRATIK,VILAS,BHURBHURE,18-05-1997,151080090,NT,Mechanical,pratik.bhurbhure52@gmail.com,2015 - 16,9631579852,50282,Krishnavan,SV Nagar,Nashik,,c4ca4238a0b923820dcc509a6f75849b
PRASAD,DILIP,KANK,27-09-1997,151080091,SC,Electrical,prasad.kank64@gmail.com,2015 - 16,9898966607,42789,Sanskruti,Kriti Complex,Kolhapur,,c4ca4238a0b923820dcc509a6f75849b
SAURABH,PRAMOD,WANI,10-04-1997,151080092,OBC,Electrical,saurabh.wani60@gmail.com,2015 - 16,9715216676,54873,Gokul Garden,SV Nagar,Nagpur,,c4ca4238a0b923820dcc509a6f75849b
SUMIT,YASHWANT,KADAM,11-03-1997,151080093,SC,Mechanical,sumit.kadam87@gmail.com,2015 - 16,9419375375,42789,Krishnavan,SV Nagar,Kolhapur,,c4ca4238a0b923820dcc509a6f75849b
NISHANT,DHANANJAY,PATIL,05-08-1997,151080094,OPEN,Mechanical,nishant.patil32@gmail.com,2015 - 16,9293403218,59834,Gokul Garden,GV Road,Nashik,,c4ca4238a0b923820dcc509a6f75849b
BHOOSHAN,VILAS,KAMBLE,15-06-1997,151080095,VJ,Mechanical,bhooshan.kamble84@gmail.com,2015 - 16,8855963556,45545,Gurukul Heights,Kriti Complex,Nashik,,c4ca4238a0b923820dcc509a6f75849b
GIRISH,BHARATRAJ,KULKARNI,17-10-1997,151080096,VJ,Production,girish.kulkarni15@gmail.com,2015 - 16,9796978852,45545,Sanskruti,GV Road,Nashik,,c4ca4238a0b923820dcc509a6f75849b
GAURAV,SANJAY,MUGDE,26-02-1997,151080097,OBC,Production,gaurav.mugde80@gmail.com,2015 - 16,9450525757,54873,Sanskruti,Tilaknagar,Kolhapur,,c4ca4238a0b923820dcc509a6f75849b
ADITYA,,DUTTA,07-06-1997,151080098,ST,Production,aditya.dutta15@gmail.com,2015 - 16,9113639833,39928,Gurukul Heights,Gandhidham,Kolhapur,,c4ca4238a0b923820dcc509a6f75849b
MAYUR,DATTATRAY,SHINDE,16-12-1997,151080099,OPEN,Production,mayur.shinde96@gmail.com,2015 - 16,9942050229,59834,Gurukul Heights,Tilaknagar,Nashik,,c4ca4238a0b923820dcc509a6f75849b
ADITYA,SUDHIR,GHATE,08-05-1997,151080100,OBC,Production,aditya.ghate88@gmail.com,2015 - 16,9187251074,54873,Sanskruti,SV Nagar,Akola,,c4ca4238a0b923820dcc509a6f75849b
AJINKYA,BHIMRAO,KOLEKAR,26-01-1997,151080101,NT,Production,ajinkya.kolekar55@gmail.com,2015 - 16,9035592669,50282,Sanskruti,SV Nagar,Nagpur,,c4ca4238a0b923820dcc509a6f75849b
MAYUR,BALAJI,MARAKWAD,01-09-1997,151080102,NT,Production,mayur.marakwad96@gmail.com,2015 - 16,9594679393,50282,Gokul Garden,Kriti Complex,Akola,,c4ca4238a0b923820dcc509a6f75849b
PRANIT,RAJESH,TAPADIA,25-08-1997,151080103,SC,Textile,pranit.tapadia65@gmail.com,2015 - 16,8931693616,42789,Krishnavan,SV Nagar,Nashik,,c4ca4238a0b923820dcc509a6f75849b
SHUBHAM,RAMESH,MAHAJAN,15-10-1997,151080104,VJ,Textile,shubham.mahajan60@gmail.com,2015 - 16,8930929675,45545,Gokul Garden,Gandhidham,Latur,,c4ca4238a0b923820dcc509a6f75849b
TUSHAR,SOHAN,RAKADE,27-02-1997,151080105,OBC,Textile,tushar.rakade32@gmail.com,2015 - 16,8857789949,54873,Krishnavan,Gandhidham,Kolhapur,,c4ca4238a0b923820dcc509a6f75849b
MALHAR,MAHENDRA,SAVALE,25-09-1997,151080106,OPEN,Textile,malhar.savale41@gmail.com,2015 - 16,9266236945,59834,Gokul Garden,GV Road,Nagpur,,c4ca4238a0b923820dcc509a6f75849b
HOSHANG,DEEPAK,KHANDARE,06-11-1997,151080107,OBC,Textile,hoshang.khandare49@gmail.com,2015 - 16,8892728066,54873,Riddhi Siddhi,Kriti Complex,Latur,,c4ca4238a0b923820dcc509a6f75849b
YOGESH,BALAJI,PANTOJI,17-11-1997,151080108,ST,Textile,yogesh.pantoji53@gmail.com,2015 - 16,8878643540,39928,Krishnavan,GV Road,Nashik,,c4ca4238a0b923820dcc509a6f75849b
DEVENDRASING,JAGATSING,RAJPUT,14-11-1997,151080109,OPEN,Textile,devendrasing.rajput53@gmail.com,2015 - 16,9713412595,59834,Gokul Garden,Tilaknagar,Kolhapur,,c4ca4238a0b923820dcc509a6f75849b
CHETAN,MILAPCHAND,JOGAD,24-01-1997,151080110,OBC,Textile,chetan.jogad50@gmail.com,2015 - 16,9974249890,54873,Gurukul Heights,GV Road,Kolhapur,,c4ca4238a0b923820dcc509a6f75849b
SAGAR,RAJENDRA,NAVALE,09-03-1997,151080111,SC,Electronics and Telecommunications,sagar.navale69@gmail.com,2015 - 16,9937360747,42789,Sanskruti,SV Nagar,Nashik,,c4ca4238a0b923820dcc509a6f75849b
SHUBHAM,RAMESH,HANGARGE,08-12-1997,151080112,OBC,Civil,shubham.hangarge51@gmail.com,2015 - 16,9891745416,54873,Krishnavan,GV Road,Akola,,c4ca4238a0b923820dcc509a6f75849b
AMEY,RAJENDRA,LIMAYE,05-03-1997,151080113,OBC,Production,amey.limaye29@gmail.com,2015 - 16,9673110928,54873,Gokul Garden,Kriti Complex,Nagpur,,c4ca4238a0b923820dcc509a6f75849b
ROHIT,PRABHAKAR,KAWALE,02-02-1997,151080114,SC,Computers,rohit.kawale48@gmail.com,2015 - 16,9640162832,42789,Gokul Garden,GV Road,Kolhapur,,c4ca4238a0b923820dcc509a6f75849b
ANIMESH,SAVENDRA,CHAUDHARY,05-07-1997,151080115,OBC,Computers,animesh.chaudhary66@gmail.com,2015 - 16,9952062790,54873,Sanskruti,Kriti Complex,Kolhapur,,c4ca4238a0b923820dcc509a6f75849b
VIKAS,KAILAS,KHAIRNAR,08-05-1997,151080116,OPEN,Computers,vikas.khairnar87@gmail.com,2015 - 16,9383170943,59834,Krishnavan,GV Road,Nashik,,c4ca4238a0b923820dcc509a6f75849b
SIDDHARTH,KETAN,NAGDA,17-07-1997,151080117,VJ,Computers,siddharth.nagda53@gmail.com,2015 - 16,8955932570,45545,Sanskruti,SV Nagar,Kolhapur,,c4ca4238a0b923820dcc509a6f75849b
PRANAV,SURESH,GUPTA,27-07-1997,151080118,VJ,Information Technology,pranav.gupta32@gmail.com,2015 - 16,9550968371,45545,Gurukul Heights,GV Road,Nagpur,,c4ca4238a0b923820dcc509a6f75849b
AMIT,KOHINOOR,KHARWANDIKAR,10-10-1997,151080119,OPEN,Electrical,amit.kharwandikar40@gmail.com,2015 - 16,9892123210,59834,Gurukul Heights,Gandhidham,Nagpur,,c4ca4238a0b923820dcc509a6f75849b
AYUSH,SUNIL,LOKHANDE,26-01-1997,151080120,ST,Electrical,ayush.lokhande38@gmail.com,2015 - 16,9550682472,39928,Gokul Garden,Kriti Complex,Latur,,c4ca4238a0b923820dcc509a6f75849b
JAY,HARESH,SANGTANI,07-07-1997,151080121,SC,Electronics,jay.sangtani62@gmail.com,2015 - 16,9854898973,42789,Sanskruti,SV Nagar,Kolhapur,,c4ca4238a0b923820dcc509a6f75849b
SATYANARAYAN,SHIVSHANKAR,PANDE,26-04-1997,151080122,SC,Electronics,satyanarayan.pande62@gmail.com,2015 - 16,9429876831,42789,Riddhi Siddhi,GV Road,Akola,,c4ca4238a0b923820dcc509a6f75849b
JAYESH,RAJESH,GANDHARE,17-05-1997,151080123,VJ,Electronics and Telecommunications,jayesh.gandhare40@gmail.com,2015 - 16,9134868193,45545,Gurukul Heights,GV Road,Latur,,c4ca4238a0b923820dcc509a6f75849b
VAIBHAV,FANINDRA,MAHAJAN,20-09-1997,151080124,OBC,Electronics and Telecommunications,vaibhav.mahajan16@gmail.com,2015 - 16,8994873574,54873,Sanskruti,SV Nagar,Nagpur,,c4ca4238a0b923820dcc509a6f75849b
AYUT,SHISHIR,POREDDIWAR,25-05-1997,151080125,ST,Electronics and Telecommunications,ayut.poreddiwar74@gmail.com,2015 - 16,9734081984,39928,Gurukul Heights,SV Nagar,Latur,,c4ca4238a0b923820dcc509a6f75849b
ANIKET,RAJENDRA,PATIL,19-11-1997,151080126,ST,Electronics and Telecommunications,aniket.patil37@gmail.com,2015 - 16,9989199916,39928,Sanskruti,Tilaknagar,Latur,,c4ca4238a0b923820dcc509a6f75849b
GOPAL,SHIVHARI,CHATARKAR,04-09-1997,151080127,ST,Mechanical,gopal.chatarkar82@gmail.com,2015 - 16,9589173811,39928,Riddhi Siddhi,SV Nagar,Nagpur,,c4ca4238a0b923820dcc509a6f75849b
AKSHAY,PRASHANT,KORPE,27-01-1997,151080128,SC,Mechanical,akshay.korpe83@gmail.com,2015 - 16,9112161561,42789,Gokul Garden,Tilaknagar,Nagpur,,c4ca4238a0b923820dcc509a6f75849b
AMOL,HIRALAL,KHANDAIT,26-08-1997,151080129,OBC,Mechanical,amol.khandait95@gmail.com,2015 - 16,9698991363,54873,Gokul Garden,Gandhidham,Kolhapur,,c4ca4238a0b923820dcc509a6f75849b
BHUPESH,NARENDRA,WANKAR,07-08-1997,151080130,ST,Mechanical,bhupesh.wankar29@gmail.com,2015 - 16,9638082783,39928,Riddhi Siddhi,Kriti Complex,Latur,,c4ca4238a0b923820dcc509a6f75849b
PAVAN,JAGDISH,SATAO,10-06-1997,151080131,OPEN,Mechanical,pavan.satao96@gmail.com,2015 - 16,9941536088,59834,Gokul Garden,Kriti Complex,Nashik,,c4ca4238a0b923820dcc509a6f75849b
KSHITIJ,,ANAND,17-04-1997,151080132,OPEN,Civil,kshitij.anand86@gmail.com,2015 - 16,9267025051,59834,Riddhi Siddhi,Kriti Complex,Kolhapur,,c4ca4238a0b923820dcc509a6f75849b
ABHISHEK,DEVIPRASAD,PANDE,03-12-1997,151080133,SC,Civil,abhishek.pande17@gmail.com,2015 - 16,9041949743,42789,Krishnavan,Tilaknagar,Kolhapur,,c4ca4238a0b923820dcc509a6f75849b
AKSHAY,,WADETTIWAR,04-02-1997,151080134,SC,Civil,akshay.wadettiwar62@gmail.com,2015 - 16,9780520705,42789,Gokul Garden,Kriti Complex,Kolhapur,,c4ca4238a0b923820dcc509a6f75849b
RAVI,RAJENDRA,MAJKURI,24-12-1997,151080135,NT,Civil,ravi.majkuri88@gmail.com,2015 - 16,9163764235,50282,Gokul Garden,Gandhidham,Akola,,c4ca4238a0b923820dcc509a6f75849b
ANANT,DILIP,KALAMKAR,01-05-1997,151080136,OBC,Production,anant.kalamkar77@gmail.com,2015 - 16,9894147888,54873,Krishnavan,Gandhidham,Latur,,c4ca4238a0b923820dcc509a6f75849b
VEDANT,GUNDERAO,NAIK,18-11-1997,151080137,OBC,Production,vedant.naik66@gmail.com,2015 - 16,9646544214,54873,Riddhi Siddhi,Kriti Complex,Nashik,,c4ca4238a0b923820dcc509a6f75849b
ADITYA,GANGAKISHAN,KUNTURWAR,08-09-1997,151080138,OPEN,Production,aditya.kunturwar33@gmail.com,2015 - 16,9564632184,59834,Gokul Garden,Tilaknagar,Kolhapur,,c4ca4238a0b923820dcc509a6f75849b
AKSHAY,RAMCHANDRA,GHODAKE,05-03-1997,151080139,VJ,Production,akshay.ghodake54@gmail.com,2015 - 16,9393854767,45545,Sanskruti,Kriti Complex,Latur,,c4ca4238a0b923820dcc509a6f75849b
MOHSIN,SHABIR,BHAT,22-05-1997,151080140,VJ,Computers,mohsin.bhat24@gmail.com,2015 - 16,9046530441,45545,Gokul Garden,Gandhidham,Nashik,,c4ca4238a0b923820dcc509a6f75849b
